序号,是否重点,项目名称,需求人数,第一志愿申请数,第二志愿申请数,第三志愿申请数,第四志愿申请数,基地名称,基地级别,基地省市,备注
1,是,固态电池研发工程师助理,1,1,0,0,1,(基层实践)四川宜宾基地,校级基地,四川省,
2,否,新市镇两河口村“一串红”党员志愿服务基层治理模式研究,1,0,0,0,1,德阳基地,校级基地,,
3,是,驱制融合架构下智能底盘动态轨迹跟踪与能耗协同优化研究,1,0,0,0,0,苏州吴中基地,校级基地,,
4,是,南湖计算框架,2,0,0,0,0,清华大学研究生社会实践余杭基地,校级基地,浙江省,
5,是,偏离基线的异常活动建模分析揭示意图、计划或状态变化研究,1,1,0,0,0,清华大学电子工程系研究生社会实践清思智能基地,系级基地,北京市,
6,是,谐波减速器柔轮齿形开发,1,1,0,0,0,苏州吴中基地,校级基地,,
7,是,公司87年历史整理与文化传承专项研究——基于档案、口述与影像的综合梳理,1,1,3,1,,广东深圳华润基地,系级基地,广东省,PDF右侧截断，第四志愿数未显示
8,是,晋中市新能源汽车产业招商方向及路径研究,2,0,0,0,0,晋中基地,校级基地,山西省,
9,是,"电化学储能集装箱热管理设计开发。含电池散热、集装箱层级除湿、保温、电气件散热等相关工作,包含3D绘图设计,热仿真,热设计,供应商开发,测试等工作。",1,1,0,0,1,清华大学车辆学院研究生社会实践远景动力基地,系级基地,上海市,
10,是,复杂环境光储充系统先进实证技术研究,2,0,0,0,0,广州黄埔,校级基地,广东省,
11,是,类 OpenClaw 的智能体技能自主发现、创造与强化学习优化,3,0,1,1,0,清华大学电子工程系研究生社会实践天津电子信息研究院基地,系级基地,天津市,
12,是,副总经理助理,1,0,0,0,0,(基层实践)四川宜宾基地,校级基地,四川省,
13,是,面向高考综合改革的全国网上录取系统研制与技术支持,11,1,1,1,1,浙江考试院,系级基地,浙江省,
14,否,低成本双臂数据采集系统搭建,1,0,0,0,0,苏州吴中基地,校级基地,,
15,是,面向电芯研发场景的智能研发agent平台开发,1,0,0,0,0,清华大学车辆学院研究生社会实践远景动力基地,系级基地,上海市,
16,否,基于AI的非标设备运动轨迹优化与仿真,2,0,0,1,0,清华大学精仪系研究生社会实践久煜基地,系级基地,江苏省,
17,是,"弘扬晋商文化,晋中“四城六院”文旅定位差异化研究",2,2,0,0,0,晋中基地,校级基地,山西省,
18,是,村级债务化解路径与对策研究——以湘东区为例,2,0,1,0,0,江西萍乡湘东区基地,系级基地,江西省,
19,是,Agentic Digital IC Design and Verification,1,1,0,0,0,长鑫存储技术有限公司,校级基地,安徽省,
20,否,地毯个性化需求评价指标体系构建,2,0,0,0,0,青海圣源基地,系级基地,青海省,
21,是,空气预热器换热管挂灰对其余换热管耦合作用的研究分析,1,0,0,0,0,青岛德固特节能装备股份有限公司,系级基地,山东省,
22,否,勘察设计合同AI智能评审系统,1,0,0,0,1,中国联合基地,系级基地,浙江省,
23,否,【项目定制优先】面向机器人场景的生成式世界模型推理加速的方法研究,1,2,1,0,0,清华大学机械工程系研究生社会实践小鹏集团基地,系级基地,广东省,
24,是,持续打造森林首笔碳汇交易等生态产品价值实现典型案例,2,1,0,0,0,清华大学经管学院研究生社会实践延庆基地,系级基地,北京市,
25,否,基于视觉风格识别与理解的设计分析系统设计,2,0,0,0,0,青海圣源基地,系级基地,青海省,
26,是,关于万家基层党务工作标准化、流程化、制度化有效管理工具及其使用场景的研究,1,1,2,0,,广东深圳华润基地,系级基地,广东省,PDF右侧截断，第四志愿数未显示
27,是,放射治疗中基于光学体表监测的靶区运动关联与预测算法研究,2,0,0,0,0,广州黄埔,校级基地,广东省,
28,是,锂电池电解液添加剂开发,1,1,1,0,0,清华大学车辆学院研究生社会实践远景动力基地,系级基地,上海市,
29,否,德阳市农业产业振兴与农业农村现 代化研究,1,0,0,0,0,德阳基地,校级基地,,
30,是,基于脉冲神经网络(SNN)的旋转机械故障诊断平台研发,1,0,1,0,0,清华大学自动化系研究生社会实践金风科技基地,系级基地,北京市,
31,是,电池正极材料前驱体回转煅烧窑仿真分析,1,0,1,0,0,青岛德固特节能装备股份有限公司,系级基地,山东省,
32,是,【项目定制优先】美丽中国建设进程评估,2,1,0,0,0,生态环境部环境规划院(环境),系级基地,北京市,
33,是,基于硬件在环的GPGPU系统性能优化AI Agent,3,0,0,0,2,清华大学电子工程系研究生社会实践壁仞科技基地,系级基地,上海市,
34,是,分段燃烧尾气炉燃烧模拟,1,0,0,0,0,青岛德固特节能装备股份有限公司,系级基地,山东省,
35,是,重症胰腺炎“清热解毒、软坚散结”法疗效评价研究:从证候标准化到多维度评价体系的建立,1,0,0,0,0,晋中基地,校级基地,山西省,
36,是,具身智能研发,2,0,0,0,0,清华大学电子工程系研究生社会实践天津电子信息研究院基地,系级基地,天津市,
37,否,接入动作生成模型至Iron通用动作跟踪控制器,1,1,2,0,0,清华大学机械工程系研究生社会实践小鹏集团基地,系级基地,广东省,
38,是,泵控内置式高功率密度直线驱动器及应用其的机器人,1,0,0,0,0,晋中基地,校级基地,山西省,
39,是,灵石县上消化道癌健康筛查结果分析,1,0,0,0,0,晋中基地,校级基地,山西省,
40,否,多手术场景双目结构光点云成像算法研究,2,0,0,0,0,广州黄埔,校级基地,广东省,
41,是,S100A16 介导钙依赖信号传导调控肺癌糖酵解促进增殖与转移的机制研 究,2,0,0,0,,安徽省马鞍山市,校级基地,安徽省,PDF右侧截断，第四志愿数未显示
42,否,玄武岩纤维原丝成束工艺及装置优化研究,1,0,1,0,0,中铁建设基地,系级基地,无,
43,是,"全国党建政研会课题项目,以体系化建设强化党建引领 以五力驱动深化融合创效——央企党建工作体系创新实践研究",2,0,0,4,1,广东深圳华润基地,系级基地,广东省,
44,是,材料体散射对成像系统杂散光影响分析,1,0,0,0,0,清华大学精仪系研究生社会实践国科基地,系级基地,吉林省,
45,是,多模态具身智能跨场景工业控制系统开发,1,0,0,0,0,苏州吴中基地,校级基地,,
46,是,药学会诊风险因素预测模型的建立与研究,1,0,0,0,0,晋中基地,校级基地,山西省,
47,是,基于扩散模型的人形机器人风格化行为控制器,1,2,0,0,0,清华大学机械工程系研究生社会实践小鹏集团基地,系级基地,广东省,
48,是,大规格重型挤压装备极限制造技术,2,0,0,0,0,德阳基地,校级基地,,
49,是,酸性饮品中多不饱和脂肪酸抗氧化体系的建立,1,0,0,0,0,安徽省马鞍山市,校级基地,安徽省,
50,是,藏粤直流场景下强支撑性直流控制与宽频稳定技术研究,1,0,0,0,0,特变电工,系级基地,天津市,
51,否,面向具身智能的交互式认知能力构建,1,2,0,1,0,清华大学机械工程系研究生社会实践小鹏集团基地,系级基地,广东省,
52,是,扫地机及基站多源主动降噪(ANC)系统研发,2,0,0,0,0,苏州吴中基地,校级基地,,
53,是,基于肺功能检查的基层慢性阻肺早期筛查与诊断模式构建,1,0,0,0,0,晋中基地,校级基地,山西省,
54,是,“什里酒乡”景区建设项目,1,0,0,0,0,德阳基地,校级基地,,
55,是,高性能汽油机爆震机理及抑制方法研究,1,0,0,0,0,赛力斯集团,校级基地,,
56,是,习近平总书记关于金融工作重要指示精神在商业银行经营管理中的转化应用研究,1,0,0,1,,广东深圳华润基地,系级基地,广东省,PDF右侧截断，第四志愿数未显示
57,否,原子级精密制造技术发展现状及其在汽轮机/燃气轮机制造上的未来应用趋势研究,1,1,0,0,,德阳基地,校级基地,,PDF右侧截断，第四志愿数未显示
58,是,华润青年员工思想动态分析报告,1,2,0,3,0,广东深圳华润基地,系级基地,广东省,
59,是,基于深度学习的矫形器智能设计系统研究,2,0,0,0,0,广州黄埔,校级基地,广东省,
60,是,相机响应均匀性标定建模,1,0,0,0,0,清华大学精仪系研究生社会实践国科基地,系级基地,吉林省,
61,是,基于工业余热的超高温蒸汽热泵机组,2,0,0,0,0,安徽省马鞍山市,校级基地,安徽省,
62,否,祁县凯盛畜产品有限公司,2,0,0,0,0,晋中基地,校级基地,山西省,
63,是,总经理助理,1,0,2,2,2,(基层实践)四川宜宾基地,校级基地,四川省,
64,是,EHS政策在基层一线落地见效的长效机制构建研究,1,0,0,1,0,广东深圳华润基地,系级基地,广东省,
65,是,面向复杂工况的救援悬轮装置多目标协同优化研究——动静态特性与轻量化设计,1,0,0,0,,清华大学自动化系研究生社会实践北京铁道所基地,系级基地,北京市,PDF右侧截断，第四志愿数未显示
66,是,总经理助理,1,0,1,0,0,(基层实践)四川宜宾基地,校级基地,四川省,
67,否,电池包加速寿命试验与加速寿命模型制定,1,0,0,0,0,苏州吴中基地,校级基地,,
68,是,晋中市医疗器械产业招商方向及招商路径研究,2,0,0,0,0,晋中基地,校级基地,山西省,
69,否,数字电源软件优化设计,1,0,0,0,1,深圳通业科技股份有限公司,系级基地,广东省,
70,否,能源管理系统与AI结合应用,2,0,0,0,0,广州黄埔,校级基地,广东省,
71,是,【项目定制优先】AI财税在企业发展中的应用,1,0,0,0,0,清华大学研究生社会实践海淀基地,校级基地,,
72,是,凉山人才发展“十五五”规划课题研究,2,1,1,0,0,四川凉山,校级基地,,
73,否,光声成像图像后处理方法研究,1,0,0,0,0,清华大学电子工程系研究生社会实践天津电子信息研究院基地,系级基地,天津市,
74,是,永磁同步电机功率器件在线结温估计算法实现,2,0,1,0,0,清华大学精仪系研究生社会实践经纬恒润基地,系级基地,天津市,
75,否,基于预训练大模型的汽车电子质量分析系统研发,2,0,0,0,0,清华大学精仪系研究生社会实践经纬恒润基地,系级基地,天津市,
76,是,高端科研仪器国产化研发,1,0,0,0,0,清华大学精仪系研究生社会实践怀柔基地,系级基地,北京市,
77,否,机械臂实时奇异点规避,1,1,0,0,0,广州黄埔,校级基地,广东省,
78,是,芯片软件生态技术专家,2,0,0,1,0,清华大学电子工程系研究生社会实践壁仞科技基地,系级基地,上海市,
79,否,【项目定制优先】基于拓扑优化的机器人轻量化框架设计,2,2,0,0,0,清华大学机械工程系研究生社会实践小鹏集团基地,系级基地,广东省,
80,是,职高美术生核心专业技术能力进阶训练体系研发与实操提升(含美育干预),3,0,0,0,,晋中基地,校级基地,山西省,PDF右侧截断，第四志愿数未显示
81,是,【项目定制优先】深入推进低空技术创新和产业发展先导区建设,2,1,0,0,0,清华大学经管学院研究生社会实践延庆基地,系级基地,北京市,
82,否,汽轮机中联门流场特性及湍流抑制技术研究,1,0,0,0,0,德阳基地,校级基地,,
83,是,基于智能体打造政府侧数字员工试点项目,2,1,0,1,0,重庆市长寿区,校级基地,重庆市,
84,否,柔性神经电极材料生物安全性评价研究,1,2,0,0,1,和泽启元(北京)科技有限公司,系级基地,北京市,
85,是,马金镇“聚高合”组团片区建设,1,1,1,0,0,浙江开化基地,系级基地,浙江省,
86,是,酸性饮品中可强化营养素的稳定特性以及营养素之间的协同增效或离子平衡,1,0,0,0,,安徽省马鞍山市,校级基地,安徽省,PDF右侧截断，第四志愿数未显示
87,是,【项目定制优先】基于声学超结构与吸波材料的扫地机核心部件降噪研究,2,1,0,0,,苏州吴中基地,校级基地,,PDF右侧截断，第四志愿数未显示
88,是,自动驾驶场景数据挖掘算法研究,1,0,0,0,0,清华大学精仪系研究生社会实践经纬恒润基地,系级基地,天津市,
89,否,我国固体废物污染治理策略研究,2,0,1,2,0,生态环境部环境规划院(环境),系级基地,北京市,
90,是,AI在内容公司中的应用落地,5,2,1,1,1,清华大学人文学院研究生社会实践地道风物基地,系级基地,北京市,
91,否,【项目定制优先】晋中市低空经济示范区高质量发展实践,1,1,0,0,0,晋中基地,校级基地,山西省,
92,是,超大型综合交通枢纽基于绿色低碳理念下的高强钢应用关键技术研究,2,1,0,0,0,中铁建设基地,系级基地,无,
93,是,AI驱动的高NA矢量近场衍射计算技术研究,1,0,0,0,0,清华大学精仪系研究生社会实践国科基地,系级基地,吉林省,
94,是,国际一流科技型工程公司企业标准化体系构建及实施路径研究,1,1,0,0,0,中国联合基地,系级基地,浙江省,
95,否,AI 助力硬件开发提效专项,1,0,0,0,0,清华大学精仪系研究生社会实践歌尔基地,系级基地,山东省,
96,是,社区治理中志愿服务的多元参与机制,2,0,0,0,1,江西萍乡湘东区基地,系级基地,江西省,
97,是,天然色素菌种库的建立,2,0,0,0,0,广州黄埔,校级基地,广东省,
98,是,纳米微量元素的制造与检测方法,1,1,0,0,0,广州黄埔,校级基地,广东省,
99,是,复杂光照场景下小样本高准确率目标识别与分类方法,1,0,0,0,0,赛力斯集团,校级基地,,
100,否,基于光谱分析的工业生产过程监测技术开发,1,0,1,0,0,清华大学电子工程系研究生社会实践天津电子信息研究院基地,系级基地,天津市,
101,是,建筑智能体可行性发展研究,2,1,1,1,0,中国联合基地,系级基地,浙江省,
102,是,基于中药处方的组方信息与诊断信息的中药处方自动分类与煎煮工艺参数研究,2,0,0,0,,清华大学研究生社会实践余杭基地,校级基地,浙江省,PDF右侧截断，第四志愿数未显示
103,否,新疆和田地区铸牢中华民族共同体意识典型案例及示范引领研究,2,0,0,0,0,新疆和田,校级基地,,
104,否,生态环境部环境规划院党务与人事管理工作实践,2,4,0,1,0,生态环境部环境规划院(环境),系级基地,北京市,
105,是,德阳市老工业基地产业结构优化与绿色转型路径研究,1,0,0,1,0,德阳基地,校级基地,,
106,否,基于AI几何识别算法的CAE前处理工作全自动化实现,1,0,0,0,0,赛力斯集团,校级基地,,
107,是,与科学仪器融合应用研发,1,0,0,0,0,清华大学精仪系研究生社会实践怀柔基地,系级基地,北京市,
108,是,可控核聚变装置主体构件制造技术研究及应用-焊接变形控制方向,1,0,0,0,0,德阳基地,校级基地,,
109,否,航天科普动画IP《星轨探险队》的品牌视觉体系构建与新媒体传播策略研究,1,0,0,0,0,德阳基地,校级基地,,
110,否,基于AI的验证自动化研究,3,0,0,1,0,苏州高新区,系级基地,江苏省,
111,是,月面小型智能灵巧机器人研究,2,2,1,0,0,清华大学自动化系研究生社会实践北控所基地,系级基地,北京市,
112,是,湘东区科技成果转化现状、问题与对策调研,1,0,0,0,0,江西萍乡湘东区基地,系级基地,江西省,
113,是,精密镜片自动翻转工装开发,1,0,0,0,0,清华大学精仪系研究生社会实践国科基地,系级基地,吉林省,
114,是,晋中市煤化工产业招商方向及招商路径研究,2,0,1,0,0,晋中基地,校级基地,山西省,
115,否,基于重组蛋白、多糖、核酸等生物大分子复合小分子药物的抗衰老皮肤和皮下注射剂开发,1,1,0,0,,广州黄埔,校级基地,广东省,PDF右侧截断，第四志愿数未显示
116,是,晋中市文化遗产活化利用与文旅产业精准招商路径研究,2,2,1,0,0,晋中基地,校级基地,山西省,
117,否,骨质疏松人工智能辅助管理系统开发,4,0,0,0,0,安徽省马鞍山市,校级基地,安徽省,
118,是,可控核聚变装置关键构件焊接与加工制造技术研究及工程化应用,1,0,0,0,1,德阳基地,校级基地,,
119,是,哈特曼波前法测试材料及膜层吸收,1,0,0,0,0,清华大学精仪系研究生社会实践国科基地,系级基地,吉林省,
120,是,公司战略规划与EV/ESS 市场分析,1,0,0,2,0,清华大学车辆学院研究生社会实践远景动力基地,系级基地,上海市,
121,是,无冷却风型空预器挠性管板的结构耐温、应力模拟,1,0,0,0,0,青岛德固特节能装备股份有限公司,系级基地,山东省,
122,是,关于政府引导基金投资尽调体系的完善,1,2,0,0,1,安徽省马鞍山市,校级基地,安徽省,
123,否,【项目定制优先】一种多连杆机构仿生腿的行走效率优化,1,1,0,0,0,清华大学机械工程系研究生社会实践小鹏集团基地,系级基地,广东省,
124,是,用于自动驾驶和具身智能系统的数据闭环系统优化,2,0,0,0,0,清华大学精仪系研究生社会实践经纬恒润基地,系级基地,天津市,
125,是,南湖计算框架,2,0,0,0,0,清华大学研究生社会实践余杭基地,校级基地,浙江省,
126,否,革命文物保护利用研究,1,1,0,0,0,晋中基地,校级基地,山西省,
127,否,“安宁河谷·智汇礼州”西昌市硕博菁英参谋计划——大凉山少数民族地区多民族融合乡镇治理与乡村振兴农文旅发展专项支持行动,2,0,1,2,1,四川凉山,校级基地,,
128,否,德阳市中小学生心理健康测评量表优化项目,1,0,0,0,1,德阳基地,校级基地,,
129,是,知识产权海外全球布局,1,0,0,0,0,广州黄埔,校级基地,广东省,
130,是,海纳数据枢纽,9,0,0,0,0,清华大学研究生社会实践余杭基地,校级基地,浙江省,
131,是,文旅集团媒体矩阵建立与新媒体运营推广项目,2,0,0,0,0,重庆市长寿区,校级基地,重庆市,
132,是,商业运营助理,1,0,0,0,0,(基层实践)浙江衢州基地,校级基地,浙江省,
133,是,车内外柔性材料交互研究,1,0,0,0,0,赛力斯集团,校级基地,,
134,否,基于自然语言处理技术的建筑标准条文自动编制方法与信息更新工具研究,2,0,1,0,0,中铁建设基地,系级基地,无,
135,是,祁县谷恋村文化活化与乡村旅游落地体系研发及实践,1,0,0,0,0,晋中基地,校级基地,山西省,
136,是,【项目定制优先】工业设计大模型关键技术研发与应用,1,1,0,0,0,清华大学研究生社会实践海淀基地,校级基地,,
137,是,微生物源天然色素筛选与产品开发,1,0,0,0,0,广州黄埔,校级基地,广东省,
138,是,南湖计算框架,1,0,0,0,0,清华大学研究生社会实践余杭基地,校级基地,浙江省,
139,是,电子机械制动产品研发,3,1,0,0,0,清华大学车辆学院研究生社会实践英创汇智基地,系级基地,无,
140,是,矿山地质鹰眼:基于无人机影像与边缘计算的矿山地质隐患与生态监测系统,2,1,0,0,,晋中基地,校级基地,山西省,PDF右侧截断，第四志愿数未显示
141,是,"泛下淤组团片区发展,乡村文旅运营",1,0,0,0,0,浙江开化基地,系级基地,浙江省,
142,否,源网荷储优化非线性求解高效算法研究,1,1,0,0,0,特变电工,系级基地,天津市,
143,是,镜片温度变化引入双折射调研与建模,1,0,0,0,0,清华大学精仪系研究生社会实践国科基地,系级基地,吉林省,
144,否,便携式SOFC系统设计与优化,1,0,0,0,0,清华大学能动系研究生社会实践陕西清氧远华基地,系级基地,陕西省,
145,否,针对GWP<150新国标新能源汽车热系统制冷剂研究,1,0,0,0,0,赛力斯集团,校级基地,,
146,否,新疆和田地区健康大数据、心理健康、公共健康政策等相关的课题 研究工作,2,0,0,0,0,新疆和田,校级基地,,
147,是,集团党建主题活动、基本培训宣传工作,1,3,2,0,3,广东深圳华润基地,系级基地,广东省,
148,是,纯国产视频智能化+多模态聚档研究,2,0,1,0,0,清华大学电子工程系研究生社会实践清思智能基地,系级基地,北京市,
149,是,医政和中医管理岗,1,0,0,0,0,(基层实践)浙江衢州基地,校级基地,浙江省,
150,是,AI+电子级超细粉体表面改性创新技术研究(改性剂选型、应用评价以及改性剂解析技术等),3,0,1,0,0,清华大学材料学院研究生社会实践联瑞新材基地,系级基地,江苏省,
151,是,推动人才校企“双进双选双聘”流动共享,4,0,0,1,0,清华大学心理系研究生社会实践永宁幸福中心基地,系级基地,浙江省,
152,否,吸尘器吸口形状对噪音影响的实验与仿真研究,2,0,0,0,0,苏州吴中基地,校级基地,,
153,是,德阳市数字政府建设与AI应用研究,1,0,0,1,1,德阳基地,校级基地,,
154,是,面向全固态锂金属电池的硫化物电解质合成与应用研究,1,1,1,0,0,清华大学车辆学院研究生社会实践远景动力基地,系级基地,上海市,
155,否,易拉罐拉伸机中冲杆的振动及抑制方案研究,1,0,1,0,0,苏州吴中基地,校级基地,,
156,是,云境智慧空间AIoT平台项目,1,0,1,1,0,龙湖基地,系级基地,北京市,
157,是,光热偏转测量系统建模,1,0,0,0,0,清华大学精仪系研究生社会实践国科基地,系级基地,吉林省,
158,否,先进封装用超细粉体材料性能表征及系统评价技术(如纳米二氧化硅粒径测定方法、电子级氧化铝粉表面羟基含量测定方法开发等),3,0,3,1,3,清华大学材料学院研究生社会实践联瑞新材基地,系级基地,江苏省,
159,否,大模型形式化能力监督微调与强化学习研究,2,1,0,2,0,广州黄埔,校级基地,广东省,
160,否,低成本轻量化视频数采与简易动捕设备设计,1,1,0,0,0,清华大学机械工程系研究生社会实践小鹏集团基地,系级基地,广东省,
161,是,第一视角 AR 感知引导的人形机器人端到端具身智能算法研究,2,1,2,1,0,广州黄埔,校级基地,广东省,
162,是,老年髋部骨折患者复合体位优化方案对压力性损伤及肺部感染并发症的影响研究,1,0,0,0,,晋中基地,校级基地,山西省,PDF右侧截断，第四志愿数未显示
163,是,"大学生返乡实践助力打造开化县“人人有事做,家家有收入”高质量就业体系研究",1,0,0,1,,浙江开化基地,系级基地,浙江省,PDF右侧截断，第四志愿数未显示
164,是,电池安全性测试工程师助理,1,1,0,1,0,(基层实践)四川宜宾基地,校级基地,四川省,
165,是,基于CATIA的AI辅助产品设计,1,0,0,0,0,赛力斯集团,校级基地,,
166,是,基于AI的VR/MR头显结构轻量化智能优化设计,2,0,0,1,1,清华大学精仪系研究生社会实践歌尔基地,系级基地,山东省,
167,是,高折射率基准板衍射模型建模,1,0,0,0,0,清华大学精仪系研究生社会实践国科基地,系级基地,吉林省,
168,是,助老外骨骼线下体验用户调研,2,0,1,0,0,清华大学研究生社会实践余杭基地,校级基地,浙江省,
169,是,新能源汽车动力系统健康管理技术研究,1,1,0,0,0,赛力斯集团,校级基地,,
170,是,装配式IRF体系钢筋骨架智能加工辅助设计研究,2,0,1,0,0,中铁建设基地,系级基地,无,
171,是,EMB电子机械制动软件开发,1,0,0,0,0,赛力斯集团,校级基地,,
172,是,Token communication对于无线系统系统性能和设计的影响,2,1,0,0,0,清华大学电子工程系研究生社会实践OPPO基地,系级基地,北京市,
173,是,镜头高密度畸变测量和标定方案,1,0,0,1,0,清华大学精仪系研究生社会实践国科基地,系级基地,吉林省,
174,是,基于单片机的轻量化OpenClaw集成,1,0,0,2,0,清华大学研究生社会实践余杭基地,校级基地,浙江省,
175,是,华埠镇“两有”片区组团建设,1,0,1,0,0,浙江开化基地,系级基地,浙江省,
176,否,功能超声成像算法工程化,1,0,0,0,0,清华大学电子工程系研究生社会实践天津电子信息研究院基地,系级基地,天津市,
177,否,全周期生命健康教育课程体系优化与领军人才工作室建设研究,1,0,0,0,0,德阳基地,校级基地,,
178,否,脂肪酶固定化,1,0,0,0,0,德阳基地,校级基地,,
179,是,航空发动机用高温合金锻件成形模拟与组织表征,2,0,0,1,0,德阳基地,校级基地,,
180,否,川西特色建筑以及川西传统特色文化研究,4,5,1,3,1,清华大学人文学院研究生社会实践大邑基地,系级基地,四川省,
181,否,低CTE集成电路基板用负热膨胀系数粉体材料研发技术路线优选,3,0,1,0,0,清华大学材料学院研究生社会实践联瑞新材基地,系级基地,江苏省,
182,是,先进制程微纳加工平台运营与优化,1,1,0,0,0,清华大学精仪系研究生社会实践怀柔基地,系级基地,北京市,
183,否,“人工智能+法治”融合视域下司法警官类院校人才培养体系创新研究,1,1,0,0,0,德阳基地,校级基地,,
184,是,照明系统中继镜设计,1,0,0,0,0,清华大学精仪系研究生社会实践国科基地,系级基地,吉林省,
185,否,口腔种植导航定位系统,1,0,0,0,0,广州黄埔,校级基地,广东省,
186,是,统筹南北城区协调发展,2,0,1,0,0,清华大学经管学院研究生社会实践延庆基地,系级基地,北京市,
187,是,微生物源天然色素筛选与产品开发,1,1,0,0,0,广州黄埔,校级基地,广东省,
188,是,【项目定制优先】大模型推理增强实习生-人文社科方向,1,2,0,0,0,小米集团,校级基地,,
189,是,圆形和方形袋滤器不同烟气分配方式对气流流场的分布模拟,1,0,0,0,0,青岛德固特节能装备股份有限公司,系级基地,山东省,
190,否,面向多形态移动机器人的单目视觉导航与大模型驱动时空记忆智能系统研究,2,0,0,0,0,德阳基地,校级基地,,
191,是,首席技术官助理,1,0,0,0,0,(基层实践)四川宜宾基地,校级基地,四川省,
192,是,副总经理助理,1,0,0,0,0,(基层实践)四川宜宾基地,校级基地,四川省,
193,是,具身智能RCP开发项目,1,0,0,0,0,清华大学精仪系研究生社会实践经纬恒润基地,系级基地,天津市,
194,否,大模型智能体驱动的软件自动化生产范式与可行性研究,1,1,0,0,0,广州黄埔,校级基地,广东省,
195,是,风控智能体项目,1,0,0,0,0,龙湖基地,系级基地,北京市,
196,否,新疆和田地区馆藏文物修复、考古研究,2,2,0,1,1,新疆和田,校级基地,,
197,是,新闻+非遗:县级融媒体中心在地化实践的机制、困境与优化路径研究,1,0,0,0,0,德阳基地,校级基地,,
198,否,柔性脑机电极与力学优化项目,1,1,0,1,1,和泽启元(北京)科技有限公司,系级基地,北京市,
199,否,晋中市青年发展型城市建设规划研究,1,0,0,0,0,晋中基地,校级基地,山西省,
200,是,清华大学博士驻校助力万中学子成长,4,2,1,0,0,清华大学人文学院研究生社会实践利州基地,系级基地,四川省,
201,是,战略发展中心高级主管 (子公司总经理助理级别),1,0,0,0,1,(基层实践)四川宜宾基地,校级基地,四川省,
202,否,慢病数据模型预测,2,0,0,0,1,安徽省马鞍山市,校级基地,安徽省,
203,否,制罐机冲杆导向油封的低耗润滑设计研究,1,0,1,0,0,苏州吴中基地,校级基地,,
204,否,机械臂高精度运动姿态检测预研项目,2,0,0,0,0,苏州吴中基地,校级基地,,
205,是,光机结构累积损伤模型,1,0,0,0,0,清华大学精仪系研究生社会实践国科基地,系级基地,吉林省,
206,是,新能源产品数字化绿色设计平台,1,0,2,0,0,广州黄埔,校级基地,广东省,
207,是,智能线控底盘(主动悬架、后轮转向、线控转向、分布式驱动等)集成优化及匹配调校技术研究,1,0,0,0,0,赛力斯集团,校级基地,,
208,是,纳米级自动化产品研发,2,0,0,0,0,清华大学精仪系研究生社会实践怀柔基地,系级基地,北京市,
209,是,具身智能大模型在工业场景的落地应用,1,1,0,0,0,清华大学精仪系研究生社会实践经纬恒润基地,系级基地,天津市,
210,是,吸尘器核心参数化仿真与优化设计,2,0,0,0,0,苏州吴中基地,校级基地,,
211,否,新质生产力视角下八达岭文旅集团十五五战略发展规划研究,1,0,0,0,2,清华大学经管学院研究生社会实践延庆基地,系级基地,北京市,
212,否,新疆和田地区健康大数据、心理健康、公共健康政策、参与“天山英才”科研项目实施等相关的课题研究工作,2,0,0,0,0,新疆和田,校级基地,,
213,是,【项目定制优先】高灵敏度微生物单细胞转录组测序技术研发,1,0,0,0,0,清华大学研究生社会实践海淀基地,校级基地,,
214,是,行政助理,1,0,2,0,2,(基层实践)浙江衢州基地,校级基地,浙江省,
215,否,中药鲜药(以六神曲和地产药材为例)物质基础与质量控制研究,1,0,0,0,0,晋中基地,校级基地,山西省,
216,是,半导体测试仪器核心部件后整机的研发,1,0,0,0,0,清华大学精仪系研究生社会实践怀柔基地,系级基地,北京市,
217,是,总经理助理,1,0,0,0,1,(基层实践)四川宜宾基地,校级基地,四川省,
218,是,城市生态大数据与生态功能多目标优化算法,1,0,0,0,0,广州黄埔,校级基地,广东省,
219,是,管廊运维技术员助理,1,0,0,0,0,(基层实践)浙江衢州基地,校级基地,浙江省,
220,否,建筑工程施工质量关键要素语音模型及大数据研究,2,1,0,1,0,中铁建设基地,系级基地,无,
221,是,无机非金属新材料投资研究与产业并购项目,1,4,0,0,1,广东深圳华润基地,系级基地,广东省,
222,否,国家级非遗保护传承与创新发展路径研究(本土珍稀剧种),1,1,1,0,1,晋中基地,校级基地,山西省,
223,是,汽车电子外设芯片(CDD)代码配置 AI agent开发,2,0,0,0,0,清华大学精仪系研究生社会实践经纬恒润基地,系级基地,天津市,
224,是,家庭服务机器人项目的机电系统架构设计与验证,6,0,0,1,0,苏州吴中基地,校级基地,,
225,是,合规体系建设项目,1,0,0,0,0,德阳基地,校级基地,,
226,是,【项目定制优先】入河排污口设置论证及审批智能体研究与应用,1,1,0,0,0,生态环境部环境规划院(环境),系级基地,北京市,
227,否,新疆和田地区南疆农村伊斯兰教信仰状况及社会影响研究,2,0,0,0,0,新疆和田,校级基地,,
228,是,面向复杂场景的智能机器人视觉感知与自主导航系统研发,3,0,0,0,0,清华大学自动化系研究生社会实践北京铁道所基地,系级基地,北京市,
229,是,晋中市国有人才集团可持续发展路径研究,1,0,0,0,0,晋中基地,校级基地,山西省,
230,是,新时代国有企业干部管理体系优化与业务流程标准化建设,1,2,0,0,0,广东深圳华润基地,系级基地,广东省,
231,否,学生常见病共患病流行状况及健康影响因素分析,1,3,0,0,0,重庆市长寿区,校级基地,重庆市,
232,是,"以华润医商5R党建品牌体系建设为引领,深化医商党建思想政治工作研究课题。",1,1,1,1,,广东深圳华润基地,系级基地,广东省,PDF右侧截断，第四志愿数未显示
233,是,基于光学定位仪的高精度复杂多面工具定位系统,2,0,0,0,0,广州黄埔,校级基地,广东省,
234,否,在线学习驱动的量子网络优化与控制关键技术研究,2,0,2,0,1,广州黄埔,校级基地,广东省,
235,否,山西新型储能产业发展现状及人才需求情况调研,2,0,1,1,2,晋中基地,校级基地,山西省,
236,是,酸性饮品中可使用的乳化剂、增稠剂(悬浮特性)筛选及应用,1,0,0,0,0,安徽省马鞍山市,校级基地,安徽省,
237,否,列车牵引系统控制研究,1,0,0,1,0,深圳通业科技股份有限公司,系级基地,广东省,
238,否,【项目定制优先】工业多模态大模型研发,1,1,0,0,0,苏州吴中基地,校级基地,,
239,否,线索与证据的关联性分析技术,1,0,0,0,0,重庆市长寿区,校级基地,重庆市,
240,是,行政事务助理(子公司总经理助理级别),1,0,1,0,0,(基层实践)四川宜宾基地,校级基地,四川省,
241,是,基于AI技术的投标技术文件自动化编制与智能匹配系统优化研究,1,0,0,0,0,清华大学自动化系研究生社会实践金风科技基地,系级基地,北京市,
242,是,固态电池计算工程师助理,1,0,0,3,0,(基层实践)四川宜宾基地,校级基地,四川省,
243,是,全固态电池安全工程师助理,1,0,1,0,0,(基层实践)四川宜宾基地,校级基地,四川省,
244,否,长三角地区军人军属、退役军人和其他优抚对象优待工作,2,0,0,0,1,安徽省马鞍山市,校级基地,安徽省,
245,是,志愿服务体系建设有效路径研究,1,0,0,0,0,德阳基地,校级基地,,
246,否,【项目定制优先】流域治理与碳排放协同路径优化方法研究,1,0,0,0,0,生态环境部环境规划院(环境),系级基地,北京市,
247,是,基于人工智能的智慧城市态势感知系统开发,2,0,0,0,1,清华大学精仪系研究生社会实践经纬恒润基地,系级基地,天津市,
248,是,室温超精密压电运动装备研发,2,0,0,0,0,清华大学精仪系研究生社会实践怀柔基地,系级基地,北京市,
249,是,基于良品学习的工业质检算法,2,0,0,0,0,清华大学精仪系研究生社会实践歌尔基地,系级基地,山东省,
250,否,玻璃脏污&裂纹&缺陷检测传感器,2,0,0,0,0,苏州吴中基地,校级基地,,
251,否,五代医院精准诊疗数据中台建设与临床应用项目,2,0,0,0,0,德阳基地,校级基地,,
252,否,机器人开源生态仿真系统,1,0,0,0,0,苏州吴中基地,校级基地,,
253,是,公司办工作员,1,1,1,0,0,(基层实践)四川宜宾基地,校级基地,四川省,
254,否,生产缺陷和工作应力对弹簧寿命的预测,1,0,0,0,0,蓝箭航天空间科技股份有限公司,系级基地,北京市,
255,是,【项目定制优先】具身智能传感器融合技术预研,2,2,0,0,0,苏州吴中基地,校级基地,,
256,是,全维稳态·多场景功能营养素软糖系列关键技术与产业化应用”,1,0,0,0,0,安徽省马鞍山市,校级基地,安徽省,
257,是,玻璃器皿全流程自动化升级与智能生产系统研发及试点实践,1,0,0,0,0,晋中基地,校级基地,山西省,
258,是,纳米级自动化产品研发,10,0,0,0,0,清华大学精仪系研究生社会实践怀柔基地,系级基地,北京市,
259,是,波像差检测技术建模,1,1,0,0,0,清华大学精仪系研究生社会实践国科基地,系级基地,吉林省,
260,是,半导体材料及先进制程芯片检测技术研发与应用,1,0,0,0,0,清华大学精仪系研究生社会实践怀柔基地,系级基地,北京市,
261,是,晋中市新材料产业招商方向及招商路径研究,2,0,0,0,1,晋中基地,校级基地,山西省,
262,是,航天用锂电池BMS电池管理系统,1,0,0,0,0,蓝箭航天空间科技股份有限公司,系级基地,北京市,
263,是,立式扁管式急冷锅炉水和蒸汽自然循环模拟,1,1,0,0,0,青岛德固特节能装备股份有限公司,系级基地,山东省,
264,是,光学衍射元件(DOE)的设计建模,1,1,0,0,0,清华大学精仪系研究生社会实践国科基地,系级基地,吉林省,
265,是,端到端语音指令解析大模型,1,0,1,0,0,苏州吴中基地,校级基地,,
266,是,疾病预防控制岗,1,0,0,0,0,(基层实践)浙江衢州基地,校级基地,浙江省,
267,是,电动自行车用锂离子蓄电池安全可靠性研究,1,0,0,0,0,广州黄埔,校级基地,广东省,
268,是,基于深度学习的商用车智能电子后视镜轨迹预测算法开发,1,0,0,0,0,清华大学精仪系研究生社会实践经纬恒润基地,系级基地,天津市,
269,是,华润资产“企业方舟”党建品牌体系优化与“1+X”子品牌协同机制研究,1,1,2,0,0,广东深圳华润基地,系级基地,广东省,
270,否,可复用火箭着陆段智能制导姿控一体化研究,1,0,1,1,0,蓝箭航天空间科技股份有限公司,系级基地,北京市,
271,是,PVG体全息光波导研发,2,1,0,1,0,广州黄埔,校级基地,广东省,
272,是,基于多模态具身大模型的空间双臂机器人在线感知与精细操作研究,3,3,1,0,1,清华大学自动化系研究生社会实践北控所基地,系级基地,北京市,
273,是,TD DTD DM-计算机视觉前沿调研,1,0,0,0,0,长鑫存储技术有限公司,校级基地,安徽省,
274,否,智能电池多参数配组仪系统开发,1,0,0,0,0,苏州吴中基地,校级基地,,
275,否,【项目定制优先】研究分析延庆区绿色能源产业发展的实施路径和具体措施,2,1,0,0,0,清华大学经管学院研究生社会实践延庆基地,系级基地,北京市,
276,否,环保产业发展及核心技术战略研究,1,0,1,0,0,河北正润环境科技有限公司,系级基地,河北省,
277,是,基于深度学习的电芯循环寿命长时序预测建模,1,1,0,0,0,清华大学车辆学院研究生社会实践远景动力基地,系级基地,上海市,
278,否,VLA 算法预研,1,0,0,1,0,苏州吴中基地,校级基地,,
279,是,"创星港产业研究院赋能“诗城创星港”高质量发展路径研究,包括市场分析与需求预测、政策与法规合规性、技术与运营方案等",1,0,0,0,0,安徽省马鞍山市,校级基地,安徽省,
280,是,AI慧眼项目,1,0,0,1,1,龙湖基地,系级基地,北京市,
281,是,区域慢病网格化管理,1,0,0,0,0,江西萍乡湘东区基地,系级基地,江西省,
282,是,低温压电精密运动平台及控制系统,2,0,0,0,0,清华大学精仪系研究生社会实践怀柔基地,系级基地,北京市,
283,是,【项目定制优先】经济-排放-气象-质量模型贯通研究,1,0,0,0,1,生态环境部环境规划院(环境),系级基地,北京市,
284,是,胺液净化工艺过程优化及过程高浓废水处理技术研究,2,0,0,0,1,清华大学研究生社会实践余杭基地,校级基地,浙江省,
285,是,面向在轨协同组装的动力学-场景集成与规划控制方法研究,2,0,0,0,0,清华大学自动化系研究生社会实践北控所基地,系级基地,北京市,
286,是,进一步优化人才发展生态,4,0,0,1,0,清华大学心理系研究生社会实践永宁幸福中心基地,系级基地,浙江省,
287,否,基于 AI 的结温估算模型研究,1,0,0,0,0,苏州吴中基地,校级基地,,
288,是,新就业群体阵地载体有效性研究,1,0,0,0,0,德阳基地,校级基地,,
289,是,湘东区工业园环境综合整治和融合发展研究,2,0,0,0,0,江西萍乡湘东区基地,系级基地,江西省,
290,否,数字经济、宣传推广、设计,1,0,0,0,0,四川凉山,校级基地,,
291,否,危险废物设施环境风险评估与分级管控技术研究,1,0,0,1,0,生态环境部环境规划院(环境),系级基地,北京市,
292,否,大东英才学校未成年人成长研究 大东英才学校校园文化建设探究,3,0,0,1,1,清华大学人文学院研究生社会实践利州基地,系级基地,四川省,
293,否,基于大语言模型的中西医智能融合,2,0,0,0,0,广州黄埔,校级基地,广东省,
294,否,扫地机蓝光显尘成功率及失效分析专项,1,0,0,0,0,苏州吴中基地,校级基地,,
295,否,介入手术中多模态医学影像的配准融合方法研究,1,0,0,0,0,清华大学研究生社会实践海淀基地,校级基地,,
296,是,超低透水性密封材料和密封结构研究,1,0,0,2,0,清华大学车辆学院研究生社会实践远景动力基地,系级基地,上海市,
297,是,海格通信战略新兴业务战略方向研究,1,1,0,0,0,广州黄埔,校级基地,广东省,
298,否,【项目定制优先】晋中“文旅工农体商数智”泛旅游产业融合发展研究,1,1,0,0,0,晋中基地,校级基地,山西省,
299,是,项目管理助理,1,0,0,1,0,(基层实践)浙江衢州基地,校级基地,浙江省,
300,是,MoE+Linear encoding/decoding 加速方案调研 及 行业方案分析,1,2,2,0,0,清华大学电子工程系研究生社会实践OPPO基地,系级基地,北京市,
301,否,基于微纳光学器件的生物医学仪器及健康监测仪器研究,2,0,1,0,0,清华大学精仪系研究生社会实践歌尔基地,系级基地,山东省,
302,否,凉山文创产品开发,1,0,0,0,1,四川凉山,校级基地,,
303,否,党建引领社区治理,1,0,1,0,0,德阳基地,校级基地,,
304,是,深入推进新并购企业融入新时代华润党建工作体系,1,3,1,0,1,广东深圳华润基地,系级基地,广东省,
305,否,专门教育法律监督路径探索,2,0,0,0,0,安徽省马鞍山市,校级基地,安徽省,
306,是,机器人内外部结构优化设计,1,0,0,0,0,清华大学研究生社会实践余杭基地,校级基地,浙江省,
307,否,AUTOSAR轻量化解决方案,1,0,0,0,0,清华大学精仪系研究生社会实践经纬恒润基地,系级基地,天津市,
308,是,口腔颌面修复重建与再生临床应用研究,2,0,0,0,0,晋中基地,校级基地,山西省,
309,否,基于深度强化学习的全局清扫路径规划,2,0,2,0,0,苏州吴中基地,校级基地,,
310,是,"强化人才支撑,助推智算OPC社区建设",4,0,0,0,0,清华大学心理系研究生社会实践永宁幸福中心基地,系级基地,浙江省,
311,是,贸易业务员助理,1,0,0,0,0,(基层实践)浙江衢州基地,校级基地,浙江省,
312,是,电器附件领域标准研究,1,0,0,0,0,广州黄埔,校级基地,广东省,
313,否,超细球形二氧化硅电子浆料熔融粘度可调可控技术研究,3,0,0,0,0,清华大学材料学院研究生社会实践联瑞新材基地,系级基地,江苏省,
314,否,复杂环境下的精准电磁定位系统,2,0,1,0,0,广州黄埔,校级基地,广东省,
315,是,全国统一大市场与公平竞争视角下晋中市招商引资产业政策研究,2,0,0,0,1,晋中基地,校级基地,山西省,
316,是,中医药脑病诊疗实践与临床研究,1,0,0,1,0,晋中基地,校级基地,山西省,
317,是,方向泽尼克拟合敏感度分析,1,0,1,0,0,清华大学精仪系研究生社会实践国科基地,系级基地,吉林省,
318,否,晋中道地药材赋能“夏养山西”康养文旅融合发展研究,1,0,0,0,0,晋中基地,校级基地,山西省,
319,是,"立足驻港央企作用发挥,系统提升党建工作质效 ——基于香港民生企业的业务特征和发展路径",1,2,3,1,1,广东深圳华润基地,系级基地,广东省,
320,是,海外轻资产项目的管理和运营,1,1,1,0,1,清华大学车辆学院研究生社会实践远景动力基地,系级基地,上海市,
321,是,多模态医疗大模型核心技术研究,1,1,0,0,1,清华大学研究生社会实践海淀基地,校级基地,,
322,否,生产车间智能排单核心算法和原型系统,2,0,0,0,0,青海圣源基地,系级基地,青海省,
323,是,外周血嗜酸性粒细胞在呼吸系统疾病的分布及意义,1,0,1,0,0,晋中基地,校级基地,山西省,
324,否,区域重金属污染风险评估体系研究,1,0,0,0,1,生态环境部环境规划院(环境),系级基地,北京市,
325,是,FOC电机控制&算法,1,0,0,0,0,广州黄埔,校级基地,广东省,
326,否,神经外科导航系统,1,0,0,0,0,广州黄埔,校级基地,广东省,
327,是,煤气化核心换热设备煤气流场模拟,1,0,0,0,0,青岛德固特节能装备股份有限公司,系级基地,山东省,
328,是,长寿湖无人机自动巡湖护鱼项目,1,0,0,0,0,重庆市长寿区,校级基地,重庆市,
329,否,事件触发的工业控制通信协议与算法研究,2,0,0,0,0,青海圣源基地,系级基地,青海省,
330,否,县级融媒体中心国际传播能力建设的逻辑与路径,1,0,0,0,0,德阳基地,校级基地,,
331,否,面向复杂海面场景的水面自动驾驶算法研究,3,0,1,0,1,清华大学电子工程系研究生社会实践陕西欧卡基地,系级基地,陕西省,
332,是,半导体智能缺陷检测装备设计,2,0,2,0,0,清华大学研究生社会实践余杭基地,校级基地,浙江省,
333,否,同步调制下的电机 MPC 控制,1,0,0,0,0,苏州吴中基地,校级基地,,
334,是,探索模具产业教科人一体化改革县域新路径,4,0,0,0,0,清华大学心理系研究生社会实践永宁幸福中心基地,系级基地,浙江省,
335,否,“初心铸魂·善治安宁”西昌市硕博菁英参谋计划——建设安宁河流域城乡融合发展示范区专项支持行动,1,0,0,0,0,四川凉山,校级基地,,
336,否,通用动作跟踪控制器训练管线的本体及数据无关性验证,1,1,0,0,0,清华大学机械工程系研究生社会实践小鹏集团基地,系级基地,广东省,
337,是,赋能存量 服务民生:“住养康体旅学”六位一体延庆康养模式创新与实践路径,2,0,0,0,,清华大学经管学院研究生社会实践延庆基地,系级基地,北京市,PDF右侧截断，第四志愿数未显示
338,是,锂电池产线智能化调度管理系统,1,0,0,0,0,广州黄埔,校级基地,广东省,
339,是,1.京津冀生态产品价值实现成效评估技术与应用路径 2.基于花园城市目标的北京城市公园供需匹配评价与优化调控研究,3,1,1,0,0,北京园科院,系级基地,北京市,
340,是,湖北路过江通道项目,1,0,0,0,0,安徽省马鞍山市,校级基地,安徽省,
341,是,智能电路版图生成,2,1,1,0,0,长鑫存储技术有限公司,校级基地,安徽省,
342,是,自冷却空气预热器气流分布、冷却效果、换热影响模拟,1,0,0,0,0,青岛德固特节能装备股份有限公司,系级基地,山东省,
343,否,晋中非遗文创设计实践,2,0,0,0,0,晋中基地,校级基地,山西省,
344,是,副总经理助理,1,0,0,0,0,(基层实践)四川宜宾基地,校级基地,四川省,
345,否,【项目定制优先】面向人形机器人的长时记忆VLA探索,1,0,0,0,0,清华大学机械工程系研究生社会实践小鹏集团基地,系级基地,广东省,
346,是,长寿区产业大脑暨基于知识图谱的大模型精准生成试点项目,2,0,0,0,0,重庆市长寿区,校级基地,重庆市,
347,否,具身智能关键技术与产业路径研究:核心零部件、AI Agent与特种场景,2,4,2,0,0,清华大学研究生社会实践海淀基地,校级基地,,
348,否,环境监测仪器数据采集系统,1,0,0,0,0,晋中基地,校级基地,山西省,
349,否,干式空心电抗器用环保型无卤阻燃环氧树脂绝缘材料配方开发与应用研究,1,0,1,0,0,特变电工,系级基地,天津市,
350,否,MCU NPU算子开发项目,1,0,0,0,0,清华大学精仪系研究生社会实践经纬恒润基地,系级基地,天津市,
351,是,"对新传播态势下大型国资央企如何利用新技术、新平台做好新媒体传播、建立良好企业形象,如何管理好本企业意识形态阵地开展研究",1,2,3,0,0,广东深圳华润基地,系级基地,广东省,
352,是,基于IGF-1受体通路多态性的甲状腺眼病早期预警模型构建,1,0,0,0,0,晋中基地,校级基地,山西省,
353,否,面向企业复杂决策的去中心化多智能体自组织协作系统,2,1,0,0,1,清华大学电子工程系研究生社会实践天津电子信息研究院基地,系级基地,天津市,
354,否,基于大模型打标的扫地机家庭场景数据集构建,2,1,1,0,0,苏州吴中基地,校级基地,,
355,是,习近平新时代中国特色社会主义思想在华润的实践研究,1,1,2,1,0,广东深圳华润基地,系级基地,广东省,
356,是,多业务板块集团化管理体系优化与跨板块协同提效实践,1,0,0,0,0,晋中基地,校级基地,山西省,
357,是,二代益生菌AKK产品开发——新菌株功能挖掘与知识产权布局,2,0,0,0,0,广州黄埔,校级基地,广东省,
358,是,【项目定制优先】延庆区支持青年人才创新创业服务体系优化,2,1,0,1,0,清华大学经管学院研究生社会实践延庆基地,系级基地,北京市,
359,是,物理AI在车身域控边缘计算中的 研究和应用,2,0,0,0,0,清华大学精仪系研究生社会实践经纬恒润基地,系级基地,天津市,
360,否,超大型城市用电客户数据要素全流程化合规管理与价值量化分析的实践,2,0,0,0,0,广州黄埔,校级基地,广东省,
361,是,扫地机器人的底盘运动能力专项提升,1,0,1,0,1,苏州吴中基地,校级基地,,
362,是,经研院2025年基于自主可控大模型的配电网规划专用人机交互推理决策技术研究项目,2,0,3,0,0,清华大学研究生社会实践余杭基地,校级基地,浙江省,
363,是,AI+高端芯片封装用高填充粉体复配创新技术及应用,3,0,0,0,1,清华大学材料学院研究生社会实践联瑞新材基地,系级基地,江苏省,
364,是,【项目定制优先】基于隐空间向量的行为人形机器人控制器,1,1,0,0,0,清华大学机械工程系研究生社会实践小鹏集团基地,系级基地,广东省,
365,是,南湖计算框架,2,0,0,0,0,清华大学研究生社会实践余杭基地,校级基地,浙江省,
366,是,基于AI视频生成技术的自动驾驶闭环仿真系统开发,2,0,1,0,0,清华大学精仪系研究生社会实践经纬恒润基地,系级基地,天津市,
367,否,金融机器学习模型训练中的数据选择和优化问题研究,2,3,2,0,0,清华大学交叉信息院研究生社会实践南京图灵院基地,系级基地,江苏省,
368,否,AI预测性维护:非标设备故障提前预警模型,2,0,0,0,1,清华大学精仪系研究生社会实践久煜基地,系级基地,江苏省,
369,否,地毯设计元素数据库构建,3,0,0,0,0,青海圣源基地,系级基地,青海省,
370,否,新疆和田地区文旅品牌全媒体传播与数字化宣传实践项目,3,0,0,0,0,新疆和田,校级基地,,
371,否,hirain os 工具链研发项目,1,0,0,0,0,清华大学精仪系研究生社会实践经纬恒润基地,系级基地,天津市,
372,是,基于openclaw的企业自动化智能体团队开发,1,1,0,1,1,清华大学研究生社会实践余杭基地,校级基地,浙江省,
373,是,血管性认知障碍相关量表的选择以及其信度、效度分析,1,0,0,0,0,晋中基地,校级基地,山西省,
374,否,同方药业生物医药健康产业园产业布局和战略规划,2,0,0,0,1,清华大学经管学院研究生社会实践延庆基地,系级基地,北京市,
375,否,新疆和田地区社会公共群众文化,2,0,0,0,0,新疆和田,校级基地,,
376,是,退役光伏组件循环利用技术研究,1,0,2,1,0,广州黄埔,校级基地,广东省,
377,是,学龄人口变化背景下的教师资源配置研究项目,1,0,0,1,0,德阳基地,校级基地,,
378,否,提升扫地机清洁能力、免维护能力与可靠性的超级材料,1,0,0,0,1,苏州吴中基地,校级基地,,
379,是,【项目定制优先】晋中市闲置土地、厂房、楼宇存量资源盘活利用与再招商路径研究,2,0,0,0,1,晋中基地,校级基地,山西省,
380,是,超高开关频率车载电源工程化技术研究,1,0,0,0,0,苏州吴中基地,校级基地,,
381,是,基于海量单目内镜视频流的消化道动态三维重建与基础模型研究,2,2,0,0,0,清华大学研究生社会实践余杭基地,校级基地,浙江省,
382,是,【项目定制优先】海纳数据枢纽,1,1,0,0,0,清华大学研究生社会实践余杭基地,校级基地,浙江省,
383,否,多模态具身智能规划决策系统,1,0,0,0,0,苏州吴中基地,校级基地,,
384,是,离子治疗装置研发项目 (ECR离子源+直线加速器+同步加速器+束流输运线),1,1,0,0,,清华大学工程物理系研究生社会实践国科离子基地,系级基地,北京市,PDF右侧截断，第四志愿数未显示
385,是,新媒体传播廉洁文化、家风文化的路径与方法研究,1,0,0,0,0,德阳基地,校级基地,,
386,是,无人机整机设计、机身材料研发,2,1,0,1,1,广州黄埔,校级基地,广东省,
387,是,快开盲板密封机理及疲劳寿命仿真分析,1,0,0,0,0,青岛德固特节能装备股份有限公司,系级基地,山东省,
388,否,具身智能算法开发,2,0,0,0,0,苏州吴中基地,校级基地,,
389,是,柔性脑机电极材料修饰项目,1,1,1,0,0,和泽启元(北京)科技有限公司,系级基地,北京市,
390,是,锂电池大电流分容设备的热仿真与热管理,1,0,0,0,0,广州黄埔,校级基地,广东省,
391,否,新媒体(短视频与图文)传播中爆款生产和精品作品的打造,2,0,1,0,0,重庆市长寿区,校级基地,重庆市,
392,否,深度学习和大模型训练中的优化理论问题研究,2,2,2,0,0,清华大学交叉信息院研究生社会实践南京图灵院基地,系级基地,江苏省,
393,是,战略研究与管理,1,2,1,0,0,(基层实践)四川宜宾基地,校级基地,四川省,
394,否,AI-AUTO-DRC,2,0,1,0,0,长鑫存储技术有限公司,校级基地,安徽省,
395,是,587系统、大电芯安全开发,1,0,0,1,0,清华大学车辆学院研究生社会实践远景动力基地,系级基地,上海市,
396,是,智能安防领域多模态大模型系统,1,0,0,0,0,广州黄埔,校级基地,广东省,
397,否,脑机接口与智能体协同交互项目,1,2,1,1,1,和泽启元(北京)科技有限公司,系级基地,北京市,
398,是,深孔加工切削与工装设计优化,2,0,0,0,0,德阳基地,校级基地,,
399,是,生态环境形势分析智能体建设,1,0,2,1,0,生态环境部环境规划院(环境),系级基地,北京市,
400,是,【项目定制优先】红外测距材质检测二合一传感器模组,2,1,0,0,0,苏州吴中基地,校级基地,,
401,是,合成氨高压废热锅炉常见失效机理分析(理论分析及热力仿真分析)及结构优化,2,0,0,0,,德阳基地,校级基地,,PDF右侧截断，第四志愿数未显示
402,否,全光谱水质在线监测仪的应用原理及研发,2,0,0,0,0,安徽省马鞍山市,校级基地,安徽省,
403,否,AIGC 3D数字资产生成,2,2,0,0,0,苏州吴中基地,校级基地,,
404,否,政策研究实习生,1,1,0,0,1,海南,校级基地,海南省,
405,否,高压直流输配电系统拓扑设计,1,0,0,0,0,清华大学航发院研究生社会实践太行实验室基地,系级基地,无,
406,否,海南黎安数据流通利用基础设施建设及运营项目,2,0,0,0,0,海南,校级基地,海南省,
407,否,企业服务中心产业服务经理,1,0,0,0,0,海南,校级基地,海南省,
408,否,法务管理岗,3,0,0,0,0,海南,校级基地,海南省,
409,是,基于轨迹仿真的CMP环抛机蓝宝石窗口片超精密加工工艺优化研究,1,1,0,0,0,重庆北碚经济技术开发区管委会,系级基地,重庆市,
410,否,行业管理和安全监管处涉海涉空运动旅游新业态管理岗,1,0,0,0,0,海南,校级基地,海南省,
411,否,“微压氧舱设备研制生产”项目,1,0,0,0,0,海南,校级基地,海南省,
412,是,科技创新岗,1,0,0,0,1,海南,校级基地,海南省,
413,否,《一种基于XGBoost算法的医疗多工种协同调度方法及系统》+AI研报,1,1,0,0,0,广西南宁青秀创新中心,系级基地,无,
414,否,“心脑耦合的可穿戴式睡眠障碍监测诊疗系统研发”项目,1,0,0,0,0,海南,校级基地,海南省,
415,是,海南岛东南部带状地热潜力及梯级应用可行性研究,1,0,0,0,0,海南,校级基地,海南省,
416,是,组织记忆体系构建:AI 技能库与提示词工程体系研究,2,0,0,0,0,清华大学卫健学院研究生社会实践医渡科技基地,系级基地,北京市,
417,否,锂渣高值化利用,1,0,1,0,0,海南,校级基地,海南省,
418,是,金融系统绿色金融职业技能培训教材编制,1,0,0,0,0,广东CCUS中心,系级基地,广东省,
419,是,航空发动机陶瓷基复合材料热端构件高精度-多尺度失效仿真分析研究,2,0,0,1,0,清华大学航发院研究生社会实践中航发动研所基地,系级基地,无,
420,否,行业管理和安全监管处 新闻传播与舆情应对岗,1,0,0,0,0,海南,校级基地,海南省,
421,否,海南热带特色功能食品高值开发中食源多糖和果蔬发酵的关键技术”项目,1,0,0,0,0,海南,校级基地,海南省,
422,否,航空发动机增材制造点阵结构设计及强度评估方法研究,1,0,0,0,0,清华大学航发院研究生社会实践中航发动研所基地,系级基地,无,
423,否,跨文化场景下园区意识形态风险预警与舆情应对机制构建,1,0,0,0,0,海南,校级基地,海南省,
424,是,气候物理风险与转型风险评估及适应型城市建设支撑研究,1,1,0,0,0,广东CCUS中心,系级基地,广东省,
425,否,富海产业园用电规划与设计咨询,1,0,0,0,0,海南,校级基地,海南省,
426,是,摩托车整车造型设计、整车结构设计及发动机结构设计,1,0,0,0,0,重庆北碚经济技术开发区管委会,系级基地,重庆市,
427,否,橡胶树胶乳产量、干胶含量和橡胶粒子粒径测试采集和数据分析系统,3,0,0,0,0,海南,校级基地,海南省,
428,是,企业微信 AI 数字员工 MVP —— 泛微 OA 流程审批场景接入,2,0,0,0,0,清华大学卫健学院研究生社会实践医渡科技基地,系级基地,北京市,
429,是,蓝碳研究及应用示范,2,0,0,0,0,海南,校级基地,海南省,
430,否,国际交流岗,1,0,1,1,0,海南,校级基地,海南省,
431,否,高韧性可恢复装配式钢框架结构研发与应用,1,0,0,0,0,海南,校级基地,海南省,
432,否,可信数据空间数据合规流通应用,1,0,1,0,0,海南,校级基地,海南省,
433,是,组织记忆体系构建:规则库与业务流程知识沉淀研究,2,0,0,0,0,清华大学卫健学院研究生社会实践医渡科技基地,系级基地,北京市,
434,否,超细矿物掺合料早期活性提高,1,0,0,0,0,海南,校级基地,海南省,
435,否,临床真实世界研究项目,1,2,0,0,0,海南,校级基地,海南省,
436,是,通用质量特性体系数字化、智能化应用研究,1,1,0,0,0,清华大学航发院研究生社会实践中航发动研所基地,系级基地,无,
437,是,固定资产项目投融资新模式路径研究,1,0,0,0,0,海南,校级基地,海南省,
438,否,海南研学旅游产品实效性评估与优化提升研究——以航天(科技)研学为例,2,0,0,1,0,海南,校级基地,海南省,
439,否,多推进系统气动匹配分析,1,1,0,0,0,清华大学航发院研究生社会实践太行实验室基地,系级基地,无,
440,否,某氢燃料电池控制系统执行机构方案研究,1,0,0,0,0,清华大学航发院研究生社会实践中航发动研所基地,系级基地,无,
441,是,企业微信 AI 数字员工 MVP —— 合思费控报销场景接入,1,0,0,0,0,清华大学卫健学院研究生社会实践医渡科技基地,系级基地,北京市,
442,否,审计实习生,1,0,0,0,0,海南,校级基地,海南省,
443,否,【项目定制优先】12345热线智慧数据分析体系建设,2,2,0,0,0,海南,校级基地,海南省,
444,是,结构强度虚拟试验技术研究,1,0,0,0,0,清华大学航发院研究生社会实践中航发动研所基地,系级基地,无,
445,否,艺术处 艺术研究岗,1,0,1,1,1,海南,校级基地,海南省,
446,否,生物医学新技术的监管体系研究,1,0,0,1,0,海南,校级基地,海南省,
447,否,特定微纳尺度多孔材料的制备、表征及其在非常规天然气流动机理研究中的应用,2,0,0,0,,海南,校级基地,海南省,PDF右侧截断，第四志愿数未显示
448,是,热带作物转基因及基因编辑技术研发与安全性评价应用,2,0,0,0,0,海南,校级基地,海南省,
449,否,南海形成演化的构造模拟,1,0,0,0,0,海南,校级基地,海南省,
450,是,组织记忆体系构建:企业知识库与文档体系规划研究,2,0,0,0,0,清华大学卫健学院研究生社会实践医渡科技基地,系级基地,北京市,
451,是,仪鸿自适应国产化控制系统研究,1,0,0,0,0,重庆北碚经济技术开发区管委会,系级基地,重庆市,
452,是,劳动关系处(调解仲裁管理处)劳动关系、调解仲裁等相关领域法规政策研究,2,0,0,0,,海南,校级基地,海南省,PDF右侧截断，第四志愿数未显示
453,否,法律援助,2,0,0,1,0,海南,校级基地,海南省,
454,否,基于多学科融合的游戏动漫产业协同创新路径研究,2,1,0,0,0,海南,校级基地,海南省,
455,否,“面向充电桩应用的高性能金刚石热沉关键技术研究”项目,1,1,0,0,0,海南,校级基地,海南省,
456,否,网络销售产品质量安全监督管理岗,1,0,0,0,0,海南,校级基地,海南省,
457,否,动力电池热管理系统设计,1,0,0,0,0,清华大学航发院研究生社会实践太行实验室基地,系级基地,无,
458,否,知识产权与专利研究,1,0,0,0,0,清华大学航发院研究生社会实践太行实验室基地,系级基地,无,
459,是,航空发动机轮盘试验故障在线预警技术,1,0,0,0,0,清华大学航发院研究生社会实践中航发动研所基地,系级基地,无,
460,否,12345热线知识库建设,2,1,1,0,0,海南,校级基地,海南省,
461,否,土壤固化剂固化土用于厂房地坪、堆场、道路,1,0,0,0,0,海南,校级基地,海南省,
462,是,人才 “政策计算器” 工具开发与适配指南编制,1,0,0,0,0,海南,校级基地,海南省,
463,否,智能体在社会治安防控体系中的应用,2,0,1,0,0,广西南宁青秀创新中心,系级基地,无,
464,是,人工智能方法在储层精细识别中的应用,2,0,0,0,0,海南,校级基地,海南省,
465,否,医院后勤服务方案及品质系统建设,1,0,1,1,0,广西南宁青秀创新中心,系级基地,无,
466,否,海南国际高等教育高质量数据集平台建设项目,2,0,0,0,0,海南,校级基地,海南省,
467,否,政策优化,1,1,0,0,1,海南,校级基地,海南省,
468,是,【项目定制优先】人才发展部实习生,2,3,0,0,0,海南,校级基地,海南省,
469,否,儋州市春江、北门江智慧防洪调度系统,2,0,0,0,0,海南,校级基地,海南省,
470,否,地下深层岩石微纳孔隙内气体流动的地球化学分异机理及应用研究,2,2,0,0,0,海南,校级基地,海南省,
471,否,闭式布雷顿循环热-功/电转换系统建模与分析,1,0,0,0,0,清华大学航发院研究生社会实践太行实验室基地,系级基地,无,
472,是,基于AI的新一代的院内工作流程重建,4,1,1,0,0,清华大学卫健学院研究生社会实践医渡科技基地,系级基地,北京市,
473,否,换热器换热性能仿真,1,1,0,0,0,清华大学航发院研究生社会实践太行实验室基地,系级基地,无,
474,否,基于真实世界数据的医疗器械监管体系标准制定,1,0,1,0,0,海南,校级基地,海南省,
475,否,关键部件三维生成,1,1,0,0,1,清华大学航发院研究生社会实践太行实验室基地,系级基地,无,
476,否,RNA结合蛋白调节香蕉抗枯萎病的分子机制研究,2,0,0,0,0,海南,校级基地,海南省,
477,否,行政复议与应诉,3,0,0,1,0,海南,校级基地,海南省,
478,否,人工智能理论在非常规油气勘探开发中的应用,2,0,0,0,0,海南,校级基地,海南省,
479,否,大掺量脱硫石膏基胶凝材料耐久性,1,0,0,0,0,海南,校级基地,海南省,
480,是,高频高温大位移压电激振器研制,1,0,0,0,0,清华大学航发院研究生社会实践中航发动研所基地,系级基地,无,
481,否,少数民族偏远地区乡村振兴产业发展,1,0,0,0,0,海南,校级基地,海南省,
482,是,某金融机构低碳转型路径研究与金融资产风险评估项目,1,0,1,0,0,广东CCUS中心,系级基地,广东省,
483,是,医疗大模型临床应用关键技术研究,4,2,0,0,0,清华大学卫健学院研究生社会实践医渡科技基地,系级基地,北京市,
484,否,质量强企强链强县岗,1,0,1,0,0,海南,校级基地,海南省,
485,否,国际标准化与应对技贸措施岗,1,0,0,0,0,海南,校级基地,海南省,
486,否,教育合作促进部实习生,1,0,1,1,1,海南,校级基地,海南省,
487,是,企业微信 AI 数字员工 MVP —— 北森 HCM 请假场景接入,2,0,0,0,0,清华大学卫健学院研究生社会实践医渡科技基地,系级基地,北京市,
488,否,多学科技术赋能数字经济产业升级的路径探索与实践,2,0,0,0,0,海南,校级基地,海南省,
489,否,海南省临床真实世界数据研究平台,1,0,0,0,0,海南,校级基地,海南省,
490,否,水利工程堤坝隐患智能感知装备研发与监测网构建技术研究,1,1,0,0,0,海南,校级基地,海南省,
491,是,"双碳背景下,城燃企业如何应对和布局?",1,0,0,1,0,安徽合肥,校级基地,安徽省,
492,是,和静县文化旅游及特色农牧产品品牌推广研究,1,0,1,0,0,新疆巴州,校级基地,新疆维吾尔自治区,
493,是,益生菌发酵药食同源关键技术挖掘及产品开发,1,0,0,0,0,清华大学化工系研究生社会实践中粮基地,系级基地,北京市,
494,否,轮台县国资国企改革(合并重组)项目,1,0,0,0,0,新疆巴州,校级基地,新疆维吾尔自治区,
495,是,面向机电能源系统的大语言模型应用研究与探索,1,0,0,1,0,江苏南京江北新区,校级基地,江苏省,
496,是,高性能与功能防护材料研发与应用研究,2,1,1,0,0,安徽合肥,校级基地,安徽省,
497,否,温和条件下氮分子全链条活化以及利用,2,0,0,0,0,安徽合肥,校级基地,安徽省,
498,是,库尔勒陆港型国家物流枢纽库东物流基地配套信息化物流监管平台建设项目,3,0,0,0,,新疆巴州,校级基地,新疆维吾尔自治区,PDF右侧截断，第四志愿数未显示
499,否,"深化住房公积金制度改革,更好发挥制度职能作用",1,0,0,0,0,江西赣州,校级基地,江西省,
500,是,灾害事故现场应急救援高空舱载荷平台研发,2,0,0,0,0,安徽合肥,校级基地,安徽省,
501,是,眼科科研/设备成果院内落地对接与临床验证,2,0,0,0,0,福建厦门,校级基地,福建省,
502,否,地球大模型研发,2,0,2,0,0,安徽合肥,校级基地,安徽省,
503,是,高精度高速压电控制阀研究,1,0,0,1,0,江苏苏州相城,校级基地,江苏省,
504,是,无人机夜间路边车辆盗窃人员识别,1,0,0,0,0,安徽合肥,校级基地,安徽省,
505,是,安庆-贵池地区铜金矿深边部靶区优选与勘查增储,1,0,0,0,0,安徽合肥,校级基地,安徽省,
506,是,大模型信息压缩技术研究,2,0,0,0,0,安徽合肥,校级基地,安徽省,
507,否,酶改造模型调试,2,0,0,0,0,安徽合肥,校级基地,安徽省,
508,是,YOLO 类目标检测算法原型开发与实验验证,1,0,1,0,1,南京天洑软件有限公司,系级基地,江苏省,
509,否,无人机载弹药,2,0,0,0,0,安徽合肥,校级基地,安徽省,
510,是,文昌镇青龙片区规划,3,0,0,0,0,四川绵阳,校级基地,四川省,
511,是,青少年研学实践活动设计与铸牢中华民族共同体意识育人体系构建,1,0,0,1,0,新疆巴州,校级基地,新疆维吾尔自治区,
512,是,变几何的通用三维场降阶算法优化研究,1,0,0,0,0,南京天洑软件有限公司,系级基地,江苏省,
513,是,和静县属国有企业内部审计监督与纪检监察部贯通协同机制的研究,1,0,0,0,0,新疆巴州,校级基地,新疆维吾尔自治区,
514,否,电梯全生命周期智慧监管平台的研究,1,0,0,0,0,安徽合肥,校级基地,安徽省,
515,是,营商环境优化视角下的合同纠纷案件研究,1,0,0,0,0,新疆巴州,校级基地,新疆维吾尔自治区,
516,否,大容量核聚变用电抗器多物理场耦合建模及特性仿真研究,1,0,0,0,0,安徽合肥,校级基地,安徽省,
517,否,细胞基因抗衰治疗 / 文献总结以及技术实践,2,2,0,0,0,安徽合肥,校级基地,安徽省,
518,是,基于多模态影像的神经调控精准导航技术与闭环脑机接口系统探索,2,2,0,0,0,福建厦门,校级基地,福建省,
519,是,人工智能OPC项目工作,2,1,0,1,0,江苏苏州相城,校级基地,江苏省,
520,是,AaaS平台-大模型推理性能提升,2,0,0,0,0,安徽合肥,校级基地,安徽省,
521,是,优化法治化营商环境--行政执法监督和行政复议社会实践项目,1,0,0,0,0,江西赣州,校级基地,江西省,
522,是,数据治理与智能化应用,1,1,0,0,0,福建厦门,校级基地,福建省,
523,是,热力管道泄漏探测及定位技术研究,1,0,0,0,0,安徽合肥,校级基地,安徽省,
524,是,新兴产业授信策略研究,2,2,2,1,0,福建厦门,校级基地,福建省,
525,否,数据中心核心制冷产品结构与控制方案优化研究,3,0,0,0,0,江西赣州,校级基地,江西省,
526,否,多通道智能通讯模组,1,0,0,0,0,安徽合肥,校级基地,安徽省,
527,是,锂电池专用灭火剂技术及储能消防技术,4,4,0,0,0,安徽合肥,校级基地,安徽省,
528,是,Nvidia Jetson Thor芯片小型化散热设计,1,0,0,0,0,安徽合肥,校级基地,安徽省,
529,否,尉犁县盐湖康养赋能乡村振兴及文旅发展提升实践项目,2,0,0,1,0,新疆巴州,校级基地,新疆维吾尔自治区,
530,否,Al2O3纳米粒子改性光学PET聚酯薄膜研究,1,0,1,0,0,安徽合肥,校级基地,安徽省,
531,否,透湿、透气型运动鞋用聚氨酯复合材料开发改进,2,0,0,0,0,安徽合肥,校级基地,安徽省,
532,是,Candidalysin调控肠道粘膜免疫微环境在白念珠菌定植至感染中的作用及机制研究,2,0,0,0,,山东济宁,校级基地,山东省,PDF右侧截断，第四志愿数未显示
533,否,钨和稀土金属新材料先进制造业集群服务及数字化转型基地社会实践项目,1,0,0,0,0,江西赣州,校级基地,江西省,
534,是,基于多组学数据探索精神疾病的潜在分子靶点及机制,2,1,0,1,0,山东济宁,校级基地,山东省,
535,否,轮台县少数民族聚居区矛盾纠纷源头化解,2,1,0,0,0,新疆巴州,校级基地,新疆维吾尔自治区,
536,否,新型铁碳基质强化人工湿地尾水中抗生素去除研究,1,0,1,0,0,安徽合肥,校级基地,安徽省,
537,是,和硕县媒体深度融合项目,1,0,0,0,0,新疆巴州,校级基地,新疆维吾尔自治区,
538,否,三维扩散模型与基于自然语言模型的分子生成方法在新一代PARG小分子抑制剂及降解剂真实设计场景中的应用与局限性分析,2,1,0,0,0,安徽合肥,校级基地,安徽省,
539,是,和静县属国有企业资产市场化盘活路径研究,1,0,0,0,0,新疆巴州,校级基地,新疆维吾尔自治区,
540,是,高强韧耐蚀低钨Ti基硬质合金的成分设计与性能优化研究,1,1,0,1,1,福建厦门,校级基地,福建省,
541,否,具身智能场景理解与空间认知关键技术研究,2,0,0,0,1,安徽合肥,校级基地,安徽省,
542,否,跨平台词元计数(计费)黑盒解析与标准化成本评估,2,0,0,0,0,安徽合肥,校级基地,安徽省,
543,否,人力资源赋能制造业高质量发展系列课题研究,1,0,0,0,0,安徽合肥,校级基地,安徽省,
544,否,基于AHP(层次分析法)和熵权法的消防非现场监管多维度动态风险评估,1,0,0,0,0,安徽合肥,校级基地,安徽省,
545,是,和静县县属国有企业资金穿透式管理研究项目,1,0,0,0,0,新疆巴州,校级基地,新疆维吾尔自治区,
546,否,运昌智能农机研发实验基地-新能源小型智能微耕机项目,2,0,0,0,0,江西赣州,校级基地,江西省,
547,是,基于AI的几何特征识别与CAD模型重建,1,0,0,0,0,南京天洑软件有限公司,系级基地,江苏省,
548,是,AI 技术与打印机/衡器/POS 机/PDA 等设备融合升级项目,1,0,0,0,0,福建厦门,校级基地,福建省,
549,否,双有源桥(DAB)级联逆变器的设计与控制,1,0,0,0,0,安徽合肥,校级基地,安徽省,
550,是,AI赋能的量子线路设计与优化研究,2,4,0,1,0,安徽合肥,校级基地,安徽省,
551,是,异性腔体内部爆炸仿真,2,1,0,0,0,江苏苏州相城,校级基地,江苏省,
552,否,关于园林养护作业的机器人外观结构设计开发,1,0,0,0,0,安徽合肥,校级基地,安徽省,
553,是,低强度聚焦超声神经刺激装置,1,1,0,0,0,江苏苏州相城,校级基地,江苏省,
554,是,全超导磁体平台,1,0,1,0,0,安徽合肥,校级基地,安徽省,
555,否,绿化管理,1,0,0,0,0,四川绵阳,校级基地,四川省,
556,是,【项目定制优先】人力资源头部企业AI功能调研,1,1,0,0,1,江苏苏州相城,校级基地,江苏省,
557,否,赣县中学竞赛指导社会实践项目,3,0,0,1,0,江西赣州,校级基地,江西省,
558,否,低空无人机在公路基础设施养护巡查中关键技术应用研究,1,0,0,0,0,安徽合肥,校级基地,安徽省,
559,否,科研管理理论成果梳理,2,0,0,0,0,安徽合肥,校级基地,安徽省,
560,否,RFWD3泛素化降解FAM96A参与乳腺癌的进展及其在内质网应激中的作用和机制研究,1,0,0,0,,新疆巴州,校级基地,新疆维吾尔自治区,PDF右侧截断，第四志愿数未显示
561,否,青年入乡“引育留用”全链条服务保障体系建设与实践探索,3,1,0,1,0,浙江舟山,校级基地,浙江省,
562,否,仿真分析,1,0,0,0,0,安徽合肥,校级基地,安徽省,
563,否,设备光机振动抑制与精度提升技术研发,1,0,0,0,0,安徽合肥,校级基地,安徽省,
564,否,余土安全利用功能材料设计与制备,1,0,0,0,0,安徽合肥,校级基地,安徽省,
565,是,基层法院审管办司法数据研究与实践,1,0,0,0,0,新疆巴州,校级基地,新疆维吾尔自治区,
566,是,亦乐田园新媒体运营管理提升、美陈提升及文创产品开发,10,0,0,0,0,山东济宁,校级基地,山东省,
567,否,地球科学领域科学传播教学实践,1,0,0,0,0,安徽合肥,校级基地,安徽省,
568,否,情暖夕阳——高校学生敬老院关爱行动,2,0,0,0,1,新疆巴州,校级基地,新疆维吾尔自治区,
569,是,新安画派文化遗产数字保护与传播研究,2,1,0,0,0,安徽合肥,校级基地,安徽省,
570,是,振动器设计仿真与建模,1,0,0,0,0,安徽合肥,校级基地,安徽省,
571,否,基因编辑工具在非模式放线菌天然产物中的应用,2,0,0,0,1,安徽合肥,校级基地,安徽省,
572,是,超充站光储充一体化系统优化与经济性分析,1,0,0,1,0,江西赣州,校级基地,江西省,
573,是,微山湖水蛭养殖+中药材种植、研学旅游一体模式实施,3,0,0,0,0,山东济宁,校级基地,山东省,
574,否,小分子 ADMET / 成药性大模型基准测试与 CRO 推荐工作流,2,0,0,0,0,安徽合肥,校级基地,安徽省,
575,是,客车座椅骨架轻量化,1,0,0,1,1,福建厦门,校级基地,福建省,
576,是,重塑时代客厅:文化驱动下的厦门中山路品牌焕新与智慧运营研究,2,1,2,3,1,福建厦门,校级基地,福建省,
577,否,面向井工矿无人驾驶系统的关键技术研究,2,0,0,0,0,安徽合肥,校级基地,安徽省,
578,否,基于二维码的现场计量器具标识管理系统研发,2,0,0,0,0,新疆巴州,校级基地,新疆维吾尔自治区,
579,否,中安创谷科创服务产品化路径与品牌输出标准研究,1,0,0,0,0,安徽合肥,校级基地,安徽省,
580,否,面向国产AI芯片的高性能算子开发与自动调优,2,0,0,0,0,安徽合肥,校级基地,安徽省,
581,是,12英寸磁控溅射设备多物理场耦合建模与工艺均匀性优化研究,2,0,0,0,0,安徽合肥,校级基地,安徽省,
582,否,复合型固态电解质的研制,3,0,1,0,0,安徽合肥,校级基地,安徽省,
583,是,图像数据分布衡量方法研究,1,0,0,0,0,安徽合肥,校级基地,安徽省,
584,否,基于公交车辆监控视频的AI图像识别的智慧城管项目,2,0,0,0,0,安徽合肥,校级基地,安徽省,
585,是,面向煤矿井下的ZigBee无线传感网络节点及组网技术开发,2,0,0,0,0,山东济宁,校级基地,山东省,
586,否,情暖夕阳——高校学生敬老院关爱行动,2,0,0,0,1,新疆巴州,校级基地,新疆维吾尔自治区,
587,否,神经符号驱动的知识合成与自主报告生成研究,2,0,0,0,0,安徽合肥,校级基地,安徽省,
588,是,强化学习算法开发,5,0,0,0,1,四川绵阳,校级基地,四川省,
589,否,DMD直写光刻系统点阵叠加建模与仿真研究,2,0,0,0,0,安徽合肥,校级基地,安徽省,
590,是,赛博机(Cyberwing),2,0,0,0,0,安徽合肥,校级基地,安徽省,
591,否,基于Imetronic VR-R视觉仿真系统的啮齿类数字自然丰容范式开发与行为生理学验证,3,0,0,0,,安徽合肥,校级基地,安徽省,PDF右侧截断，第四志愿数未显示
592,否,尉犁县非遗帕拉孜传承创新赋能乡村文旅产业发展项目,2,0,0,0,0,新疆巴州,校级基地,新疆维吾尔自治区,
593,否,基于模型设计(MBD)的BMS快速控制原型验证平台研发,1,0,0,0,0,安徽合肥,校级基地,安徽省,
594,是,科技金融赋能成果转化战略研究,1,1,0,0,1,江苏南京江北新区,校级基地,江苏省,
595,是,抗冲击座椅负泊松比吸能结构优化研究,1,0,0,1,0,江苏苏州相城,校级基地,江苏省,
596,是,和静县县属国有牧业公司产业转型路径与实施策略研究,1,0,0,0,0,新疆巴州,校级基地,新疆维吾尔自治区,
597,否,面向具身智能消防巡检的事件图谱、风险场与安全门控离线原型开发,1,1,0,0,0,安徽合肥,校级基地,安徽省,
598,是,PINN与传统数值方法融合求解偏微分方程的可行性研究,1,2,1,2,1,南京天洑软件有限公司,系级基地,江苏省,
599,否,凌空基地航天研学文旅项目,2,0,0,0,0,新疆巴州,校级基地,新疆维吾尔自治区,
600,是,电生理电极修饰层制备及性能优化研究,1,1,0,0,1,江苏苏州相城,校级基地,江苏省,
601,否,轻罪案件矛盾纠纷实质性化解研究,1,1,0,0,0,新疆巴州,校级基地,新疆维吾尔自治区,
602,否,叉车智慧共享平台,1,0,0,0,0,安徽合肥,校级基地,安徽省,
603,是,海工工程超高性能混凝土修复材料,1,0,1,0,0,福建厦门,校级基地,福建省,
604,是,关于钨合金和钨基新材料的数字化智能制造项目,4,0,0,0,0,江西赣州,校级基地,江西省,
605,是,claw-bot:基于openclaw的机器人感知决策行动大脑,2,0,0,0,0,福建厦门,校级基地,福建省,
606,是,少样本条件下电子产品外观缺陷检测,2,0,0,0,0,安徽合肥,校级基地,安徽省,
607,否,罗布麻纤维绿色脱胶技术及养生梳理一体化,5,0,0,0,0,新疆巴州,校级基地,新疆维吾尔自治区,
608,否,基于端侧 AI 的 Type?C 智能调试平台,2,0,0,0,0,安徽合肥,校级基地,安徽省,
609,是,自然语音处理算法开发与落地,4,0,0,0,0,安徽合肥,校级基地,安徽省,
610,是,和静县县属国有企业资金穿透式管理研究项目,1,0,0,0,0,新疆巴州,校级基地,新疆维吾尔自治区,
611,否,低速无人驾驶清扫车关键技术研究与产业化应用,1,0,0,0,0,安徽合肥,校级基地,安徽省,
612,是,端侧大模型推理性能提升,2,1,0,0,0,安徽合肥,校级基地,安徽省,
613,否,【项目定制优先】“北岸有散之:山水、丹青、笔墨与一个地方的记忆”主题展策展研究,2,2,1,1,,江苏南京江北新区,校级基地,江苏省,PDF右侧截断，第四志愿数未显示
614,是,工业(家具)设计研究院创建,1,0,0,0,0,江西赣州,校级基地,江西省,
615,否,具身智能驱动的重载搬运机器人,2,0,0,0,0,安徽合肥,校级基地,安徽省,
616,否,财融核算及管理,1,0,0,0,0,四川绵阳,校级基地,四川省,
617,是,合同能源管理,1,0,0,0,0,安徽合肥,校级基地,安徽省,
618,是,和硕县媒体深度融合项目,1,0,0,1,0,新疆巴州,校级基地,新疆维吾尔自治区,
619,否,"构建私房管理最小单元格,探索海岛基层治理新样板",1,0,0,0,0,浙江舟山,校级基地,浙江省,
620,是,轮台县融媒体中心新媒体时代新闻传播方向的研究,1,0,0,0,0,新疆巴州,校级基地,新疆维吾尔自治区,
621,否,企业文化整合,1,0,0,0,0,安徽合肥,校级基地,安徽省,
622,是,和静县县属国有牧业公司产业转型路径与实施策略研究,1,0,0,0,0,新疆巴州,校级基地,新疆维吾尔自治区,
623,否,用于工业相机采集卡的虚拟PCIe驱动程序开发,1,0,0,0,0,安徽合肥,校级基地,安徽省,
624,否,24h实时在线PC软件智能工程师,3,0,0,0,0,安徽合肥,校级基地,安徽省,
625,是,碰撞假人高逼真度仿生皮肤材料研发,1,0,0,1,0,江苏苏州相城,校级基地,江苏省,
626,否,参与老旧小区改造项目的建设工作,1,0,0,0,0,安徽合肥,校级基地,安徽省,
627,否,AI智能射线评片系统研发,2,0,0,0,0,新疆巴州,校级基地,新疆维吾尔自治区,
628,否,情暖夕阳——高校学生敬老院关爱行动,2,0,0,0,0,新疆巴州,校级基地,新疆维吾尔自治区,
629,否,基于人工智能的高分卫星影像样本库建设与模型调试研究,1,0,0,0,1,安徽合肥,校级基地,安徽省,
630,否,AI+环评智能体核心技术攻关及应用,1,0,0,0,0,安徽合肥,校级基地,安徽省,
631,否,基于比色法的高通量谷氨酸脱羧酶筛选流程开发,1,0,0,0,0,清华大学化工系研究生社会实践中粮基地,系级基地,北京市,
632,否,金融大数据智能化实体对齐与消歧算法研究与系统开发,2,0,0,0,0,安徽合肥,校级基地,安徽省,
633,是,基层法院审管办司法数据研究与实践,1,0,0,0,0,新疆巴州,校级基地,新疆维吾尔自治区,
634,否,轮台县国资国企改革(合并重组)项目,1,0,0,0,0,新疆巴州,校级基地,新疆维吾尔自治区,
635,是,新能船业联合车间智能造船工厂,2,0,1,0,0,山东济宁,校级基地,山东省,
636,是,轮台县融媒体中心新媒体时代新闻传播方向的研究,1,0,0,0,0,新疆巴州,校级基地,新疆维吾尔自治区,
637,否,基于磁性微纳器件介导的精准磁刺激治疗系统,2,1,0,0,0,江苏南京江北新区,校级基地,江苏省,
638,否,协助巴州地区历史、社会文化、传统习俗的发掘与保护,1,1,3,1,1,新疆巴州,校级基地,新疆维吾尔自治区,
639,否,安徽电力现货市场统一结算点电价预测,2,0,0,0,0,安徽合肥,校级基地,安徽省,
640,是,赣南乡村振兴研究院,2,0,0,0,0,江西赣州,校级基地,江西省,
641,是,前列腺小体外泄蛋白(PSEP)的分离纯化及应用,2,0,1,0,0,安徽合肥,校级基地,安徽省,
642,是,特殊冲击场景下人体损伤评价方法开发,1,0,0,0,0,江苏苏州相城,校级基地,江苏省,
643,否,提升临床科室诊疗技术、提高科室管理及发展,4,0,0,0,0,新疆巴州,校级基地,新疆维吾尔自治区,
644,是,高速转子系统动力学研究及应用,1,0,0,0,0,江苏苏州相城,校级基地,江苏省,
645,是,投资管理,1,0,0,0,0,四川绵阳,校级基地,四川省,
646,是,计算机视觉算法开发与落地,4,0,0,0,0,安徽合肥,校级基地,安徽省,
647,是,三色多通道光纤记录系统,1,0,0,0,0,江苏苏州相城,校级基地,江苏省,
648,否,面向大模型推理引擎的KV Cache管理与量化推理算子优化,2,0,0,0,0,安徽合肥,校级基地,安徽省,
649,是,赣南城乡特色经济文化融合博览中心建设与运营研究,2,0,0,0,0,江西赣州,校级基地,江西省,
650,是,和静县县属国有企业资金穿透式管理研究项目,1,0,0,0,0,新疆巴州,校级基地,新疆维吾尔自治区,
651,是,BJ30-Q3执行器的机械旋转轴输出转矩检测方案设计,2,0,0,0,0,江苏苏州相城,校级基地,江苏省,
652,是,大宗商品交易系统,2,0,0,0,0,山东济宁,校级基地,山东省,
653,否,基于毫米波雷达的无束缚老人跌倒行为检测技术,1,0,0,0,0,安徽合肥,校级基地,安徽省,
654,是,77GHz毫米波雷达,2,0,0,0,0,安徽合肥,校级基地,安徽省,
655,是,废硫酸梯次浸钴及双循环除杂技术研发,1,0,0,0,0,福建厦门,校级基地,福建省,
656,是,低空经济产业投资布局与发展战略研究项目,1,0,0,0,0,新疆巴州,校级基地,新疆维吾尔自治区,
657,是,智能焊接机器人域控制器,1,0,0,0,0,安徽合肥,校级基地,安徽省,
658,是,遥感AI识别,1,0,0,0,0,安徽合肥,校级基地,安徽省,
659,是,“府院联动”机制中人民法院支持行政复议主渠道建设的角色定位与路径探索,1,0,0,0,,新疆巴州,校级基地,新疆维吾尔自治区,PDF右侧截断，第四志愿数未显示
660,否,RFWD3泛素化降解FAM96A参与乳腺癌的进展及其在内质网应激中的作用和机制研究,1,0,0,0,,新疆巴州,校级基地,新疆维吾尔自治区,PDF右侧截断，第四志愿数未显示
661,是,AI辅助齿轮传动系统智能设计方法研究,1,0,0,0,0,江苏苏州相城,校级基地,江苏省,
662,是,库尔勒陆港型国家物流枢纽库东物流基地配套信息化物流监管平台建设项目,3,0,0,0,,新疆巴州,校级基地,新疆维吾尔自治区,PDF右侧截断，第四志愿数未显示
663,是,"海洋蛋白酶的定向筛选与酶学表征改造,合成生物学底盘细胞改造,",2,1,1,0,0,福建厦门,校级基地,福建省,
664,是,行业研究、产业研究等,2,0,0,0,0,安徽合肥,校级基地,安徽省,
665,否,【项目定制优先】埋地燃气管道泄漏检测与监测,2,0,0,0,0,安徽合肥,校级基地,安徽省,
666,否,光刻系统高精度温度控制与热 - 结构耦合有限元仿真研究,1,0,0,0,0,安徽合肥,校级基地,安徽省,
667,是,基于AI coding的AIFEM bdf接口开发,1,1,0,0,0,南京天洑软件有限公司,系级基地,江苏省,
668,是,无线无源供电项目,1,0,0,0,0,江苏苏州相城,校级基地,江苏省,
669,是,智能语音算法开发与落地,4,0,0,0,0,安徽合肥,校级基地,安徽省,
670,否,PEF/PET复合聚酯薄膜的制备与性能研究,1,0,0,0,0,安徽合肥,校级基地,安徽省,
671,否,面向表格单元格的视觉语言模型溯源信息生成研究,2,0,0,0,0,安徽合肥,校级基地,安徽省,
672,否,中安创谷科创社区景观设计提升工作,1,0,0,0,0,安徽合肥,校级基地,安徽省,
673,否,P2P 赋能服务器负载精控工程,2,0,0,0,0,安徽合肥,校级基地,安徽省,
674,否,水盘管与蒸发盘管多材质选型及换热性能对比研究,2,0,1,0,0,江西赣州,校级基地,江西省,
675,否,凌空基地航天研学文旅项目,2,0,0,0,0,新疆巴州,校级基地,新疆维吾尔自治区,
676,否,基于二维码的现场计量器具标识管理系统研发,2,0,0,0,0,新疆巴州,校级基地,新疆维吾尔自治区,
677,否,无人机打架斗殴识别,1,0,0,0,0,安徽合肥,校级基地,安徽省,
678,是,电池簇多物理场耦合热失控传播仿真模型构建,1,0,0,0,0,福建厦门,校级基地,福建省,
679,是,厦金大桥(厦门段)数字底座建设项目,2,0,0,0,0,福建厦门,校级基地,福建省,
680,是,无创深部电刺激干预强迫症的疗效和机制,2,0,0,0,0,山东济宁,校级基地,山东省,
681,否,集团下属子公司: 皖新文化旅游开发(集团)有限公司文旅项目全案营销,1,0,0,0,0,安徽合肥,校级基地,安徽省,
682,是,可穿戴智能防护装备设计和成型研发,2,0,2,1,0,安徽合肥,校级基地,安徽省,
683,是,通信转发单板,1,0,0,0,0,安徽合肥,校级基地,安徽省,
684,是,12英寸高精度磁控溅射系统优化,2,0,0,0,0,安徽合肥,校级基地,安徽省,
685,是,室内LED智能光配方耦合薄层光生物反应器的微拟球藻源EPA产业化及藻渣全量循环项目,2,0,0,0,0,福建厦门,校级基地,福建省,
686,是,干部政德教育丛书编审,1,1,0,1,1,山东济宁,校级基地,山东省,
687,否,高端液压元件多物理场仿真体系建设与技术能力培训项目,1,0,0,0,0,安徽合肥,校级基地,安徽省,
688,是,和静县属国有企业资产市场化盘活路径研究,1,0,0,0,1,新疆巴州,校级基地,新疆维吾尔自治区,
689,否,地基多设备协同的云垂直结构精细化反演,1,0,0,0,0,安徽合肥,校级基地,安徽省,
690,是,高速模拟信号采集卡,2,0,0,0,0,安徽合肥,校级基地,安徽省,
691,是,复合担保体系对欠发达地区产业发展的影响研究——以新疆巴州为例,2,0,2,0,0,新疆巴州,校级基地,新疆维吾尔自治区,
692,是,拒执罪案件中“执行证据”与“刑事证据”的衔接研究,1,0,0,0,1,新疆巴州,校级基地,新疆维吾尔自治区,
693,是,100MW燃机高速高效齿轮箱数字孪生技术,1,0,0,0,0,江苏苏州相城,校级基地,江苏省,
694,是,拒执罪案件中“执行证据”与“刑事证据”的衔接研究,1,0,0,0,0,新疆巴州,校级基地,新疆维吾尔自治区,
695,是,人民法院如何助力推进综治中心规范化建设的相关问题研究,1,0,0,0,0,新疆巴州,校级基地,新疆维吾尔自治区,
696,否,国家级高新区资产管理社会实践项目,1,0,0,0,0,江西赣州,校级基地,江西省,
697,否,提升临床科室诊疗技术、提高科室管理及发展,4,0,0,0,0,新疆巴州,校级基地,新疆维吾尔自治区,
698,是,基于步进频率毫米波阵列的行人安检成像研究,2,0,0,0,0,安徽合肥,校级基地,安徽省,
699,否,新型精神活性物质成瘾流行病学调查和干预,2,0,0,0,0,安徽合肥,校级基地,安徽省,
700,是,和硕县媒体深度融合项目,1,0,0,0,0,新疆巴州,校级基地,新疆维吾尔自治区,
701,是,单细胞及空间多组学前言技术在疾病中的研究,1,1,1,2,0,江苏南京江北新区,校级基地,江苏省,
702,是,“府院联动”机制中人民法院支持行政复议主渠道建设的角色定位与路径探索,1,0,0,0,,新疆巴州,校级基地,新疆维吾尔自治区,PDF右侧截断，第四志愿数未显示
703,是,无人水下航行器高效、低振动传动系统设计,1,0,0,0,0,江苏苏州相城,校级基地,江苏省,
704,否,民商事审判、执行工作实践,2,0,0,0,0,新疆巴州,校级基地,新疆维吾尔自治区,
705,否,AI智能射线评片系统研发,2,0,0,0,0,新疆巴州,校级基地,新疆维吾尔自治区,
706,是,柔性执法视角下企业执行财产查扣冻结的分层化管理研究,1,0,0,0,0,新疆巴州,校级基地,新疆维吾尔自治区,
707,是,柔性穿戴调光产品光老化耐受性能提升,2,0,0,0,0,安徽合肥,校级基地,安徽省,
708,是,中核南方智慧零碳热能供热站项目,3,0,0,0,0,江西赣州,校级基地,江西省,
709,是,Yoga系列PC产品碳中和认证,1,1,0,1,0,安徽合肥,校级基地,安徽省,
710,否,灾害事故关键致因对后果影响程度评估计数,1,0,0,0,0,安徽合肥,校级基地,安徽省,
711,是,基于车载走航监测系统的燃气泄漏快速定位研究,2,0,0,0,0,安徽合肥,校级基地,安徽省,
712,否,RFWD3泛素化降解FAM96A参与乳腺癌的进展及其在内质网应激中的作用和机制研究,1,0,0,0,,新疆巴州,校级基地,新疆维吾尔自治区,PDF右侧截断，第四志愿数未显示
713,是,船闸三维智能集控系统,2,0,0,0,0,安徽合肥,校级基地,安徽省,
714,是,气象智能体,2,2,0,0,0,江苏南京江北新区,校级基地,江苏省,
715,否,历代中央政权治理西域史研究项目,1,1,0,0,1,新疆巴州,校级基地,新疆维吾尔自治区,
716,否,可穿戴超声血流监测系统,1,0,0,0,0,安徽合肥,校级基地,安徽省,
717,是,基于参数化建模技术完成标准工作站产品级设计,1,0,0,0,0,安徽合肥,校级基地,安徽省,
718,是,社会力量项目化参与社区矫正工作,1,0,0,0,0,江西赣州,校级基地,江西省,
719,是,面向市政管理的无人机+AI智能巡检系统研发与应用,1,0,0,1,0,福建厦门,校级基地,福建省,
720,是,汽车电子电器架构智能体,3,0,0,0,0,安徽合肥,校级基地,安徽省,
721,是,和静县县属国有牧业公司产业转型路径与实施策略研究,1,0,0,0,0,新疆巴州,校级基地,新疆维吾尔自治区,
722,是,金家林绿化维护项目,1,0,0,0,0,四川绵阳,校级基地,四川省,
723,是,【项目定制优先】探索苏州市量子产业科技研发、工程应用及产业培育一体,1,1,0,0,,江苏苏州相城,校级基地,江苏省,PDF右侧截断，第四志愿数未显示
724,是,安全文化与应急科普知识体系研发与应用示范,6,0,0,0,0,安徽合肥,校级基地,安徽省,
725,否,工业设备故障诊断标签构建与标准化研究,2,0,0,0,0,安徽合肥,校级基地,安徽省,
726,否,极端降雨条件下城市内涝点成因诊断与预警关键技术研究,1,0,0,0,1,安徽合肥,校级基地,安徽省,
727,是,周细胞源Mitovesicles经SENP1-FIS1通路对星形胶 质细胞脂质代谢重编程的调控在创伤性颅脑损伤中的作用机制研究,2,0,0,0,0,山东济宁,校级基地,山东省,
728,是,竞赛教学,10,1,2,0,0,四川绵阳,校级基地,四川省,
729,是,库尔勒陆港型国家物流枢纽库东物流基地配套信息化物流监管平台建设项目,3,0,0,0,,新疆巴州,校级基地,新疆维吾尔自治区,PDF右侧截断，第四志愿数未显示
730,是,基于国产电机完成与KUKA机器人耦合实现多轴联动技术,1,0,0,0,0,安徽合肥,校级基地,安徽省,
731,是,生物医药企业人效管理体系设计,1,0,0,0,0,福建厦门,校级基地,福建省,
732,是,基于生成式AI与拓扑优化的智能设计方法研究,1,2,0,1,0,南京天洑软件有限公司,系级基地,江苏省,
733,否,历代中央政权治理西域史研究项目,1,0,1,1,1,新疆巴州,校级基地,新疆维吾尔自治区,
734,是,欠发达地区产业基金“投贷担链”四位一体运作模式创新与实践研究——以新疆巴州为例,2,0,0,0,1,新疆巴州,校级基地,新疆维吾尔自治区,
735,否,罗布麻文创产品的开发以及推广,3,0,0,0,0,新疆巴州,校级基地,新疆维吾尔自治区,
736,是,柔性执法视角下企业执行财产查扣冻结的分层化管理研究,1,0,0,0,0,新疆巴州,校级基地,新疆维吾尔自治区,
737,是,消防无人机抗干扰精准喷射云台系统设计与开发,1,0,0,0,0,福建厦门,校级基地,福建省,
738,否,AI智能射线评片系统研发,2,0,0,0,0,新疆巴州,校级基地,新疆维吾尔自治区,
739,是,基于公轨两网融合发展背景下的常规公交线网重构策略探索,1,0,0,0,0,安徽合肥,校级基地,安徽省,
740,是,轮台县融媒体中心新媒体时代新闻传播方向的研究,1,0,0,0,0,新疆巴州,校级基地,新疆维吾尔自治区,
741,是,马克思主义基本原理同中华优秀传统文化相结合研究,2,1,0,2,0,山东济宁,校级基地,山东省,
742,是,配方数据建模及优化,1,0,0,0,0,南京天洑软件有限公司,系级基地,江苏省,
743,是,院刊审核、咨政报告撰写,1,0,1,0,0,山东济宁,校级基地,山东省,
744,是,欠发达地区产业基金“投贷担链”四位一体运作模式创新与实践研究——以新疆巴州为例,2,1,0,0,0,新疆巴州,校级基地,新疆维吾尔自治区,
745,是,面向壁面作业机器人的越障机构动力学分析与优化,1,0,0,0,0,安徽合肥,校级基地,安徽省,
746,否,新时代涉法信访工作现代化治理机制与路径研究,1,0,0,0,0,新疆巴州,校级基地,新疆维吾尔自治区,
747,是,具身智能理疗机器人,2,0,0,0,0,福建厦门,校级基地,福建省,
748,是,深度学习模型泛化性研究,1,0,0,0,0,安徽合肥,校级基地,安徽省,
749,是,和静县属国有企业内部审计监督与纪检监察部贯通协同机制的研究,1,0,0,0,0,新疆巴州,校级基地,新疆维吾尔自治区,
750,否,展厅建设项目,1,0,0,0,0,安徽合肥,校级基地,安徽省,
751,否,化工园区基础配套设施建设与经营协同发展研究,2,0,0,0,0,浙江舟山,校级基地,浙江省,
752,是,和静县属国有企业内部审计监督与纪检监察部贯通协同机制的研究,1,0,0,0,0,新疆巴州,校级基地,新疆维吾尔自治区,
753,是,巴州法院司法研究提升工程,1,0,0,0,0,新疆巴州,校级基地,新疆维吾尔自治区,
754,是,多旋翼垂直起降飞行器研制与应用,2,0,1,0,0,江苏苏州相城,校级基地,江苏省,
755,否,基于AI的零售核心业务数据智能分析与经营决策辅助系统,1,0,1,1,0,安徽合肥,校级基地,安徽省,
756,是,人民法院如何助力推进综治中心规范化建设的相关问题研究,1,0,0,0,0,新疆巴州,校级基地,新疆维吾尔自治区,
757,否,面向三维动物行为分析的多模态基础模型构建方法研究,2,0,0,0,0,安徽合肥,校级基地,安徽省,
758,是,城市公交运力运量协同平衡及全流程运营优化研究,1,0,0,0,0,安徽合肥,校级基地,安徽省,
759,是,和静县文化旅游及特色农牧产品品牌推广研究,1,0,0,0,0,新疆巴州,校级基地,新疆维吾尔自治区,
760,否,革命老区乡村产业振兴战略研究,2,0,0,0,0,江西赣州,校级基地,江西省,
761,是,基于AI coding的AIFEM cdb接口开发,1,1,1,0,1,南京天洑软件有限公司,系级基地,江苏省,
762,是,和静县属国有企业资产市场化盘活路径研究,1,0,0,0,0,新疆巴州,校级基地,新疆维吾尔自治区,
763,否,基于卫星遥感的洪水与地质灾害风险评估,2,1,1,1,0,安徽合肥,校级基地,安徽省,
764,否,罗布麻纤维绿色脱胶技术及养生梳理一体化,5,0,0,0,0,新疆巴州,校级基地,新疆维吾尔自治区,
765,否,环境监测仪器数据采集系统,2,0,0,0,0,安徽合肥,校级基地,安徽省,
766,否,传媒赋能·电商兴乡——喀尔曲尕乡特色农牧民产品推介平台建设项目,2,0,0,0,0,新疆巴州,校级基地,新疆维吾尔自治区,
767,是,低空经济产业投资布局与发展战略研究项目,1,0,0,0,0,新疆巴州,校级基地,新疆维吾尔自治区,
768,是,居民社区垃圾分类碳普惠减排场景设计,1,1,0,0,0,福建厦门,校级基地,福建省,
769,否,单分散纳米颗粒合成机理及单分散性优化研究,2,0,0,0,0,安徽合肥,校级基地,安徽省,
770,是,BJ40-IIC型智能电动执行器运动仿真,2,1,0,0,0,江苏苏州相城,校级基地,江苏省,
771,否,铜陵-池州地区铜金矿勘查工程技术方法创新与补充勘查,2,0,0,0,0,安徽合肥,校级基地,安徽省,
772,是,“府院联动”机制中人民法院支持行政复议主渠道建设的角色定位与路径探索,1,0,0,0,,新疆巴州,校级基地,新疆维吾尔自治区,PDF右侧截断，第四志愿数未显示
773,是,巴州法院司法研究提升工程,1,0,0,0,0,新疆巴州,校级基地,新疆维吾尔自治区,
774,否,显示接口协议智能解析与根因分析智能体,2,0,0,0,0,安徽合肥,校级基地,安徽省,
775,是,针对复杂多模态问题的优化算子研发,1,0,0,0,0,南京天洑软件有限公司,系级基地,江苏省,
776,否,活化钢渣与盾构渣土协同资源化利用关键技术研究,1,0,0,0,0,安徽合肥,校级基地,安徽省,
777,是,机器人运动关节生产技术调研,1,1,0,1,0,江苏苏州相城,校级基地,江苏省,
778,是,绿色低毒长效船舶防污防腐一体化涂料技术的研发与产业化应用,1,0,0,0,0,山东济宁,校级基地,山东省,
779,否,南京江北图书馆全馆品牌整合宣传与多场景Slogan设计,2,0,1,0,0,江苏南京江北新区,校级基地,江苏省,
780,否,长上下文交互中的词元级信息保真与状态压缩,2,0,0,0,0,安徽合肥,校级基地,安徽省,
781,是,3D打印水凝胶生物墨水的研发,2,0,0,0,0,安徽合肥,校级基地,安徽省,
782,否,定向进化工具构建,1,0,0,0,0,安徽合肥,校级基地,安徽省,
783,是,视觉大模型AI识别,1,0,1,0,0,安徽合肥,校级基地,安徽省,
784,否,无人机张贴小广告人员识别,1,0,0,0,0,安徽合肥,校级基地,安徽省,
785,是,拒执罪案件中“执行证据”与“刑事证据”的衔接研究,1,0,0,1,0,新疆巴州,校级基地,新疆维吾尔自治区,
786,否,凌空基地航天研学文旅项目,2,0,0,0,0,新疆巴州,校级基地,新疆维吾尔自治区,
787,否,同大镇常住居民需求调研与乡村美育路径实践探索项目,2,0,0,0,0,安徽合肥,校级基地,安徽省,
788,否,基于机器学习的荧光蛋白定向进化与亮度预测,1,0,0,0,0,安徽合肥,校级基地,安徽省,
789,否,新媒体平台运营指导,2,0,0,0,0,安徽合肥,校级基地,安徽省,
790,是,面向零碳园区的源网荷储协同优化策略研究,1,1,2,0,0,江苏南京江北新区,校级基地,江苏省,
791,否,组合式空调机组(组空)结构优化及75mm箱板结构开发,2,0,0,0,0,江西赣州,校级基地,江西省,
792,是,巴州法院司法研究提升工程,1,0,0,0,0,新疆巴州,校级基地,新疆维吾尔自治区,
793,是,【项目定制优先】基于大模型的工业应用研究,2,1,1,0,1,福建厦门,校级基地,福建省,
794,否,基于PET-CT影像导航的猕猴脑部精准靶向注射技术路径验证与急性期评估研究,4,0,0,0,0,安徽合肥,校级基地,安徽省,
795,是,两岸经济融合路径研究和两岸融合指数构建,1,0,0,0,0,福建厦门,校级基地,福建省,
796,是,营商环境优化视角下的合同纠纷案件研究,1,0,0,0,0,新疆巴州,校级基地,新疆维吾尔自治区,
797,否,关于园林养护作业的机器人无人驾驶系统研发,2,0,0,0,0,安徽合肥,校级基地,安徽省,
798,否,且末县“新闻+”媒体新闻采编提质工程,1,0,0,0,0,新疆巴州,校级基地,新疆维吾尔自治区,
799,否,罗布麻文创产品的开发以及推广,3,0,1,0,0,新疆巴州,校级基地,新疆维吾尔自治区,
800,是,人民法院如何助力推进综治中心规范化建设的相关问题研究,1,0,0,0,0,新疆巴州,校级基地,新疆维吾尔自治区,
801,是,柔性执法视角下企业执行财产查扣冻结的分层化管理研究,1,0,0,0,0,新疆巴州,校级基地,新疆维吾尔自治区,
802,否,物理-数据双驱动的中小河流暴雨洪水风险预警人工智能模型构建,1,0,1,0,1,安徽合肥,校级基地,安徽省,
803,否,开发新一代DNA损伤修复与合成致死治疗药物:PARG小分子降解剂的设计与合成,3,0,0,0,,安徽合肥,校级基地,安徽省,PDF右侧截断，第四志愿数未显示
804,否,iTurbo系统性能调教系统,2,0,0,0,0,安徽合肥,校级基地,安徽省,
805,否,人才发展战略研究,1,1,1,0,0,四川绵阳,校级基地,四川省,
806,否,提升临床科室诊疗技术、提高科室管理及发展,4,0,0,0,0,新疆巴州,校级基地,新疆维吾尔自治区,
807,否,基于城市更新需求下的城市体检,2,0,0,0,0,安徽合肥,校级基地,安徽省,
808,否,ADC 赛道技术 - 交易联动尽调工具与标的库,2,0,0,0,0,安徽合肥,校级基地,安徽省,
809,是,机器人具身智能大模型算法研究,2,0,0,0,1,安徽合肥,校级基地,安徽省,
810,是,木雕文创产品的艺术价值、实用价值的升级,4,0,0,0,1,山东济宁,校级基地,山东省,
811,是,高速齿轮箱润滑与功耗研究,1,0,0,0,0,江苏苏州相城,校级基地,江苏省,
812,否,淮河流域气象数据质控与交叉验证,2,1,1,0,0,安徽合肥,校级基地,安徽省,
813,是,装配式结构节点设计与性能开发,5,0,0,0,1,四川绵阳,校级基地,四川省,
814,是,公共安全领域智能体研究,3,0,0,0,0,安徽合肥,校级基地,安徽省,
815,是,深度学习框架算法开发与落地,4,0,1,0,0,安徽合肥,校级基地,安徽省,
816,否,公司核心产品外观结构优化(结合工业设计),2,0,0,0,0,江西赣州,校级基地,江西省,
817,是,【项目定制优先】多肽药物的结构确证,1,1,1,0,1,江苏南京江北新区,校级基地,江苏省,
818,是,嵊泗融入上海国际科技创新中心的路径研究,2,0,0,2,0,浙江舟山,校级基地,浙江省,
819,是,工业场景模型3D打印设计,2,0,0,0,0,江苏苏州相城,校级基地,江苏省,
820,否,新媒体平台运营优化,1,0,0,0,0,安徽合肥,校级基地,安徽省,
821,否,罗布麻文创产品的开发以及推广,3,0,0,0,0,新疆巴州,校级基地,新疆维吾尔自治区,
822,是,营商环境优化视角下的合同纠纷案件研究,1,0,0,0,1,新疆巴州,校级基地,新疆维吾尔自治区,
823,否,历代中央政权治理西域史研究项目,1,0,1,0,0,新疆巴州,校级基地,新疆维吾尔自治区,
824,否,罗布麻纤维绿色脱胶技术及养生梳理一体化,5,0,0,0,0,新疆巴州,校级基地,新疆维吾尔自治区,
825,是,"仿真优化软件应用项目,方向包括: 1)流体仿真方向,风机、风扇等叶轮机械噪声优化;或 2)机械装备的结构减重优化。 能完成此项目的一个或两个方向均可",1,0,1,0,0,南京天洑软件有限公司,系级基地,江苏省,
826,否,固体火箭发动机用缓冲垫发射行为研究,1,1,0,0,0,安徽合肥,校级基地,安徽省,
827,否,电池热失控爆燃机理仿真与数据驱动预测方法研究,1,0,0,0,0,安徽合肥,校级基地,安徽省,
828,否,面向 VLM 文档智能处理的模型轻量化与推理加速技术研究,2,0,0,0,0,安徽合肥,校级基地,安徽省,
829,否,驾驶人实际道路考试外部环境感知技术研究,2,0,0,0,0,安徽合肥,校级基地,安徽省,
830,否,马兰精神与新时代科学家精神融合研究项目,2,1,2,1,0,新疆巴州,校级基地,新疆维吾尔自治区,
831,是,中西医结合防治肿瘤研究,2,0,1,1,0,山东济宁,校级基地,山东省,
832,否,非内分泌科住院糖尿病患者血糖达标率与临床结局的研究,1,0,0,0,0,新疆巴州,校级基地,新疆维吾尔自治区,
833,否,甲硫氨酸合成关键酶的理性设计与活性提升,1,0,0,0,0,清华大学化工系研究生社会实践中粮基地,系级基地,北京市,
834,是,大模型算法开发与落地,4,0,0,0,1,安徽合肥,校级基地,安徽省,
835,是,智能巡检装备研发,2,0,0,0,0,安徽合肥,校级基地,安徽省,
836,是,复合担保体系对欠发达地区产业发展的影响研究——以新疆巴州为例,2,0,0,0,0,新疆巴州,校级基地,新疆维吾尔自治区,
837,否,传统客运企业运营效率提升与数字化转型策略研究,2,0,0,0,0,安徽合肥,校级基地,安徽省,
838,是,机械三维图AI智能化参数设计,2,0,0,0,0,江苏苏州相城,校级基地,江苏省,
839,是,和静县文化旅游及特色农牧产品品牌推广研究,1,0,0,0,0,新疆巴州,校级基地,新疆维吾尔自治区,
840,是,金融赋能国有企业增收创利研究,1,0,0,0,0,山东济宁,校级基地,山东省,
841,否,轮台县国资国企改革(合并重组)项目,1,0,0,0,0,新疆巴州,校级基地,新疆维吾尔自治区,
842,是,基于AI的雷暴大风、短时强降水等强对流天气分类、分级短临预报,2,0,2,2,1,江苏南京江北新区,校级基地,江苏省,
843,是,煤矿智能化装备制造相关技术研究,2,0,0,0,0,山东济宁,校级基地,山东省,
844,是,低空经济产业投资布局与发展战略研究项目,1,0,0,1,0,新疆巴州,校级基地,新疆维吾尔自治区,
845,否,合肥轨道交通发展战略落地暨“标准化+数字化”转型研究,1,0,1,0,0,安徽合肥,校级基地,安徽省,
846,否,基于二维码的现场计量器具标识管理系统研发,2,0,0,1,0,新疆巴州,校级基地,新疆维吾尔自治区,
847,是,继电器产品研发大数据挖掘与处理,1,0,0,0,0,福建厦门,校级基地,福建省,
848,是,有声出海,1,0,0,1,0,福建厦门,校级基地,福建省,
849,是,激光甲烷探测装置研发,3,0,0,0,0,安徽合肥,校级基地,安徽省,
850,否,智慧供热、区域能源、工商业用户绿色节能等新能源、新技术、新产品研究应用,2,0,0,0,,安徽合肥,校级基地,安徽省,PDF右侧截断，第四志愿数未显示
851,否,工业智能运维智能体(GPT),2,0,0,0,0,安徽合肥,校级基地,安徽省,
852,否,15T 级全高温超导 CICC 磁体研制关键工艺研究,2,0,0,1,0,安徽合肥,校级基地,安徽省,
853,否,聚变堆间歇运行工况下储热罐传热与流动耦合规律数值模拟,2,0,0,0,0,安徽合肥,校级基地,安徽省,
854,否,畜禽养殖粪污开发为高效有机肥应用项目,1,0,0,0,0,新疆巴州,校级基地,新疆维吾尔自治区,
855,是,基层法院审管办司法数据研究与实践,1,0,0,0,0,新疆巴州,校级基地,新疆维吾尔自治区,
856,是,【项目定制优先】智算中心制冷负荷预测与负载响应研究,2,3,0,0,0,江苏南京江北新区,校级基地,江苏省,
857,是,干湿实验闭环药物研发平台,1,0,1,1,0,江苏南京江北新区,校级基地,江苏省,
858,否,基于时空图挖掘的城市干线信号协调需求快速识别算法研究,2,0,0,0,0,安徽合肥,校级基地,安徽省,
859,否,花艺景观设计、 动物养护与驯导,2,0,0,0,1,安徽合肥,校级基地,安徽省,
860,是,3D激光雷达标定与实时行驶数据监测工具链(室内外一体机器人版)开发,1,0,0,0,,福建福州,校级基地,福建省,PDF右侧截断，第四志愿数未显示
861,否,文旅资源开发、文创产品设计,10,0,0,0,0,清华大学乡村振兴工作站,系级基地,北京市,
862,否,含气液体泵送过程中泵汽蚀改善,2,0,0,0,0,上海宝山,校级基地,上海市,
863,否,高熵合金催化剂的高通量制备及催化加氢性能研究,1,0,0,1,0,清华大学工程物理系研究生社会实践中物院基地,系级基地,四川省,
864,是,区域主导产业创新创业实践项目,1,0,0,0,0,天津武清,校级基地,天津市,
865,是,数智能源平台开发,1,1,0,0,0,湖北武汉,校级基地,湖北省,
866,是,中子源时间分辨与核数据测量精度适配研究,1,0,0,0,0,清华大学工程物理系研究生社会实践中物院基地,系级基地,四川省,
867,是,公司战新产业业务人员招聘及专家管理,1,0,0,0,0,天津武清,校级基地,天津市,
868,否,劳动人事争议调解组织建设项目,1,0,0,0,0,天津武清,校级基地,天津市,
869,否,基于滨州市劳动者职业健康检查数据评估职业性化学毒物接触者的职业健康风险,1,1,0,0,,山东滨州,校级基地,山东省,PDF右侧截断，第四志愿数未显示
870,是,复杂系统高频声学特性模型开发技术研究,1,0,0,0,0,中核集团,校级基地,,
871,是,基因治疗体内递送系统开发项目,1,0,0,0,0,天津武清,校级基地,天津市,
872,是,AI在内容生成中的应用探索,1,0,0,0,0,中核集团,校级基地,,
873,是,人源性抗 TfR1-FBP1 抗体的构建及筛选与治疗癫痫初步效价研究,1,0,0,0,0,山东滨州,校级基地,山东省,
874,否,应用单分子荧光传感技术检测生物大分子(DNA、RNA和蛋白质),1,0,0,0,0,上海宝山,校级基地,上海市,
875,是,基于具身智能体的四转四驱线控底盘,1,0,0,0,0,福建福州,校级基地,福建省,
876,是,基于数据驱动的煤焦化离心压缩机复杂工况故障诊断技术研究项目,1,1,0,0,0,上海宝山,校级基地,上海市,
877,否,苦卤综合利用新工艺研究开发,1,0,0,0,0,山东滨州,校级基地,山东省,
878,否,项目落地全流程,1,0,0,0,0,山东滨州,校级基地,山东省,
879,是,聚变边界加料测量数据分析与参数关联研究,1,0,0,0,0,中核集团,校级基地,,
880,是,具身智能分拣机器人,1,0,0,0,0,福建福州,校级基地,福建省,
881,否,滨州市辉大蛋白饲料饲料业发展战略研究,2,0,0,0,0,山东滨州,校级基地,山东省,
882,是,"基于物理神经网路的功率器件温度场快速计算与反演方法:熟悉元器件温度场的有限元计算方法,采用物理神经网络模型实现模型的快速降阶计算,实现基于少数测 快速反演",1,0,0,0,1,清华大学工程物理系研究生社会实践中物院基地,系级基地,四川省,
883,是,人工智能领域创新创业实践项目,1,1,0,0,0,天津武清,校级基地,天津市,
884,是,基于电子海图和AIS数据的船舶智能避障智能体,2,0,0,0,0,山东滨州,校级基地,山东省,
885,是,基于卫星雷达的强对流风雹短临预报AI模型研究,1,1,0,0,0,上海市气象局,系级基地,上海市,
886,否,基于晶体塑性模拟的IF钢表层梯度组织对成形表面轮廓的影响研究,1,1,0,0,0,上海宝山,校级基地,上海市,
887,是,矿石识别基础模型研发,1,0,0,1,1,中核集团,校级基地,,
888,是,生命周期数据库构建与应用研究,2,0,1,1,0,上海宝山,校级基地,上海市,
889,否,社会心理服务体系建设研究,1,0,0,0,0,山东滨州,校级基地,山东省,
890,是,面向轻量化与性能平衡的汽车结构多学科优化仿真研究,1,0,0,0,0,湖北武汉,校级基地,湖北省,
891,否,GaN-on-SiC HEMT及SiC功率器件关键技术开发实习生,1,0,0,0,1,福建福州,校级基地,福建省,
892,否,基于深度学习的二维透射图像质量提升方法研究,1,1,1,0,0,中核集团,校级基地,,
893,是,中国环流三号设备总体集成,1,0,0,0,0,中核集团,校级基地,,
894,是,黄庄街道基层党务精细化管理与档案电子化建设实践项目,1,0,0,0,0,天津武清,校级基地,天津市,
895,否,电力造价,1,0,0,0,1,福建福州,校级基地,福建省,
896,是,基于人工智能的大坝安全监测数据智能分析与应用,1,1,0,0,0,清华大学水利系研究生社会实践长科院基地,系级基地,湖北省,
897,否,针对胰腺癌耐药机制的全长转录组研究,1,1,0,0,0,上海宝山,校级基地,上海市,
898,否,山东省心安社会工作学院业务发展战略研究,1,0,0,0,0,山东滨州,校级基地,山东省,
899,是,国际纤维艺术中心策展,3,1,0,1,0,清华大学乡村振兴工作站,系级基地,北京市,
900,是,集成电路产业重大生产力布局,2,2,2,0,0,湖北武汉,校级基地,湖北省,
901,是,冲压Autoform R8 的深度分析及检测的功能优化,1,0,0,0,0,浙江嘉兴平湖,校级基地,浙江省,
902,否,方正剪纸在文创产品设计中的应用研究,2,0,0,0,0,清华大学乡村振兴工作站,系级基地,北京市,
903,否,【项目定制优先】人形机器人灵巧操作与交互任务研究——抓取分拣与拧螺丝,2,2,0,0,0,上海宝山,校级基地,上海市,
904,是,加强青年人才引育培养中长期发展规划,1,0,0,2,1,天津武清,校级基地,天津市,
905,是,医院院内制剂的开发,1,0,0,0,0,清华大学乡村振兴工作站,系级基地,北京市,
906,是,智能机器人自主导航,1,0,0,0,0,福建福州,校级基地,福建省,
907,是,水下承力旋转滑环,1,0,0,0,0,上海宝山,校级基地,上海市,
908,是,申报第五届印迹乡村创意设计大赛“印迹乡村.共创计划”专项定制 赛道设计,4,0,0,0,,清华大学乡村振兴工作站,系级基地,北京市,PDF右侧截断，第四志愿数未显示
909,是,碳市场政策及碳资产管理研究,1,1,1,1,0,上海宝山,校级基地,上海市,
910,否,多机器人集群协调调度规划算法研究,2,0,0,1,0,中核集团,校级基地,,
911,否,冷轧热镀锌机组镀后冷却段风机转速控制模型研究,1,0,0,0,0,上海宝山,校级基地,上海市,
912,否,“青春聚力 共治武清”项目,1,0,0,1,0,天津武清,校级基地,天津市,
913,是,福州新区(长乐区)国家级新区人才竞争力指数构建与高质量发展战略研究,2,1,0,5,,福建福州,校级基地,福建省,PDF右侧截断，第四志愿数未显示
914,是,具身智能,1,1,0,0,0,福建福州,校级基地,福建省,
915,否,中小学拔尖创新人才培养,4,0,2,2,1,清华大学教育学院研究生社会实践河北省保定市基地,系级基地,河北省,
916,否,协助完成本地人才十五五期间供需结构、就业流向与政策适配性的研究,1,1,0,0,1,江苏启东,校级基地,江苏省,
917,是,拉曼光谱的无创医学检测,1,0,1,0,0,上海宝山,校级基地,上海市,
918,是,精准肠道微生态研究,1,0,0,0,0,上海宝山,校级基地,上海市,
919,是,HIB液压集成式线控制动系统优化项目,2,0,0,0,0,天津武清,校级基地,天津市,
920,否,AI赋能滨州市居民食品安全与营养健康科普宣教体系建设与应用,1,0,0,0,0,山东滨州,校级基地,山东省,
921,是,台风科研辅助及成果应用智能体研发,1,0,2,0,1,上海市气象局,系级基地,上海市,
922,是,EPS7200集中式升压一体仓产品开发,1,0,0,0,0,湖北武汉,校级基地,湖北省,
923,是,基于大模型的箱号识别与异物识别功能探索及工程化落地,1,0,1,0,1,中核集团,校级基地,,
924,是,基于 VLA 模型的机器人高精度抓取技术验证与优化,1,2,0,0,0,中核集团,校级基地,,
925,是,热式流量传感器的设计及开发,1,0,0,0,0,上海宝山,校级基地,上海市,
926,否,文献数据挖掘与知识发现系统赋能科学研究,2,0,0,0,0,山东滨州,校级基地,山东省,
927,是,电磁干扰/辐射(EMC)的仿真分析,1,1,0,0,0,上海宝山,校级基地,上海市,
928,否,针对长读长Hi-C的建库方法学研究,1,0,0,0,0,上海宝山,校级基地,上海市,
929,否,企业供应商管理系统,2,0,0,0,0,浙江嘉兴平湖,校级基地,浙江省,
930,否,基于 Azure Kinect 与 GSFusion 的室内 RGB-D 实时三维重建,1,1,1,0,0,中核集团,校级基地,,
931,是,智能机器人自主导航,1,0,0,0,0,福建福州,校级基地,福建省,
932,否,2026年度 福建省住房和城乡建设科研开发和软科学研究项目:《既有房屋“体检-保险”联动体系研究》课题(已立项),2,0,0,0,0,福建福州,校级基地,福建省,
933,否,核级石墨碳材料生产线智能化升级技术改造项目,1,0,0,0,0,山东滨州,校级基地,山东省,
934,是,水下机器人用CCD相机,1,0,0,0,0,上海宝山,校级基地,上海市,
935,是,AI在仪器研发中的应用探索,4,1,0,0,0,中核集团,校级基地,,
936,否,新时代少先队政治启蒙与实践育人创新发展项目,1,0,0,0,1,天津武清,校级基地,天津市,
937,是,晶圆直接键合工艺中机器学习应力预测,1,1,0,0,0,湖北武汉,校级基地,湖北省,
938,是,混动动力低空经济方案研究,1,2,0,0,1,上海宝山,校级基地,上海市,
939,否,启东市历年工伤认定数据系统性分析与风险预警研究,1,0,0,0,0,江苏启东,校级基地,江苏省,
940,是,X射线背散射成像测井技术研究,1,0,0,0,0,清华大学工程物理系研究生社会实践中物院基地,系级基地,四川省,
941,是,6G低轨卫星辅助UAV中继低空测控物理层安全传输与能效优化研究,1,0,0,0,0,清华大学工程物理系研究生社会实践中物院基地,系级基地,四川省,
942,是,智能机器人自主导航,1,0,0,0,0,福建福州,校级基地,福建省,
943,否,东岳观全域土地综合整治项目,2,0,0,0,0,清华大学乡村振兴工作站,系级基地,北京市,
944,是,公务员日常考核管理项目,1,1,2,0,0,天津武清,校级基地,天津市,
945,是,厨房用纸分切包装自动化系统,2,0,0,0,0,上海宝山,校级基地,上海市,
946,是,Land平台(大模型增强应用智能体平台)的主动式Agent研发(类openclaw模式),2,1,0,0,0,福建福州,校级基地,福建省,
947,是,6G低轨卫星辅助UAV中继低空测控物理层安全传输与能效优化研究,1,0,0,0,0,清华大学工程物理系研究生社会实践中物院基地,系级基地,四川省,
948,是,宽带射频器件深饱和状态下非线性特性研究,1,0,0,0,0,清华大学工程物理系研究生社会实践中物院基地,系级基地,四川省,
949,否,京津产业新城科创先导区“大北农”“精准医疗产业园”落地项目管理,1,0,0,0,0,天津武清,校级基地,天津市,
950,否,箱体结构轻量化,1,1,1,0,0,上海宝山,校级基地,上海市,
951,否,华山宝山脑机接口 — 精神健康创新诊疗基地,1,0,0,0,0,上海宝山,校级基地,上海市,
952,否,国有企业现代化管理体系建设,3,0,0,0,0,清华大学乡村振兴工作站,系级基地,北京市,
953,否,天津市武清区杨村街道LOGO及街域文创产品设计项目,1,0,0,0,1,天津武清,校级基地,天津市,
954,否,“邻聚民心·里享幸福”国光社区幸福驿站打造项目,2,1,1,1,0,福建福州,校级基地,福建省,
955,否,服务青年人才发展项目,1,1,0,0,0,天津武清,校级基地,天津市,
956,否,电气系统生产质量管理提升策略研究,1,0,0,0,0,天津武清,校级基地,天津市,
957,是,基于信号光激发的气体受激转动拉曼散射(SRRS)的光谱展宽计算模型研究,1,1,0,0,,清华大学工程物理系研究生社会实践中物院基地,系级基地,四川省,PDF右侧截断，第四志愿数未显示
958,否,企业全面风险管理体系建立,2,0,0,0,0,浙江嘉兴平湖,校级基地,浙江省,
959,否,高温热浪对健康的影响研究及应对措施(如城市绿地)的效果评价,1,5,0,0,0,上海市气象局,系级基地,上海市,
960,是,基于深度学习的雷达目标检测与识别算法研究,1,0,0,2,1,清华大学工程物理系研究生社会实践中物院基地,系级基地,四川省,
961,是,综合能源管理系统的研究,2,0,0,0,0,江苏启东,校级基地,江苏省,
962,是,红外焦平面探测器封装窗口图形控制技术,2,0,0,0,0,上海宝山,校级基地,上海市,
963,是,基于医联体中心数据驱动的心脑血管疾病精准筛查和分级管理模型构建,1,0,2,0,1,上海宝山,校级基地,上海市,
964,否,高端地产项目策划研究,1,0,0,0,0,天津武清,校级基地,天津市,
965,是,1、人工智能在基层社会治理和社会公共服务的作用 2、文旅行业大数据应用优化政府管理效能,2,0,0,0,0,清华大学乡村振兴工作站,系级基地,北京市,
966,否,聚变堆氚增殖性能与核热沉积分析研究,1,0,0,0,0,中核集团,校级基地,,
967,是,天津医科大学武清科技园项目,1,0,0,0,0,天津武清,校级基地,天津市,
968,否,AI驱动的电池电解液GC-MS指纹图谱智能解析平台研发,2,0,1,0,0,上海宝山,校级基地,上海市,
969,是,世界模型,2,0,0,2,1,湖北武汉,校级基地,湖北省,
970,是,党建引领基层治理的调查研究,1,1,0,2,0,天津武清,校级基地,天津市,
971,是,多通道压缩超快成像技术图像重建算法研究,1,1,0,0,0,清华大学工程物理系研究生社会实践中物院基地,系级基地,四川省,
972,是,X射线功率测试方法研究,1,0,0,0,0,清华大学工程物理系研究生社会实践中物院基地,系级基地,四川省,
973,是,分辨、噪声等因素对基于背光图像的各向同性湍流密度脉动空间频谱分析的影响研究,1,1,0,0,0,清华大学工程物理系研究生社会实践中物院基地,系级基地,四川省,
974,否,山东高速智慧养护基地,1,0,0,0,0,山东滨州,校级基地,山东省,
975,是,超高强塑积汽车用轻质钢的工业化设计,1,0,0,0,1,上海宝山,校级基地,上海市,
976,否,党建引领下“五社联动”赋能基层社区治理创新实践调研,1,0,0,1,0,天津武清,校级基地,天津市,
977,是,基于大模型的系统形式化建模及自动验证研究,1,0,0,0,0,清华大学工程物理系研究生社会实践中物院基地,系级基地,四川省,
978,是,钙钛矿车载光伏技术研究,1,1,0,0,0,湖北武汉,校级基地,湖北省,
979,是,面向方形电芯的弹性-隔热协同型隔热材料研发,1,0,0,0,0,湖北武汉,校级基地,湖北省,
980,是,大模型知识蒸馏方法研究与应用,1,0,2,0,1,中核集团,校级基地,,
981,是,中性束,2,0,0,0,0,中核集团,校级基地,,
982,是,高性能智算芯片热管理技术研究,1,1,0,1,0,湖北武汉,校级基地,湖北省,
983,是,牛家牌镇水木三乡融媒体中心,3,0,0,0,0,清华大学乡村振兴工作站,系级基地,北京市,
984,否,县级国有企业数字化转型实施路径,3,0,0,0,0,清华大学乡村振兴工作站,系级基地,北京市,
985,否,超精密运动控制开发设计及产品应用,1,0,0,0,0,天津武清,校级基地,天津市,
986,是,EPS520组串式升压一体仓产品开发,1,0,0,0,0,湖北武汉,校级基地,湖北省,
987,否,【项目定制优先】四足机器人运控系统设计研究,2,2,1,0,0,上海宝山,校级基地,上海市,
988,是,融合机理模型和人工智能的特种电池多尺度建模研究,1,1,0,0,0,清华大学工程物理系研究生社会实践中物院基地,系级基地,四川省,
989,是,天津市武清区杨村街道国民经济和社会发展第十五个五年规划项目,1,0,0,0,0,天津武清,校级基地,天津市,
990,否,基于人工智能的自由大气湍流耗散率参数化方案研究,1,1,0,0,0,上海市气象局,系级基地,上海市,
991,否,【项目定制优先】AI与数值模式的融合应用,2,2,0,0,0,上海市气象局,系级基地,上海市,
992,是,成像光学设计智能体研究,1,0,0,0,1,清华大学工程物理系研究生社会实践中物院基地,系级基地,四川省,
993,否,“活力成长·健康同行”青少年身体健康状况管理项目,1,0,0,0,0,天津武清,校级基地,天津市,
994,是,具身智能分拣机器人,1,0,0,0,0,福建福州,校级基地,福建省,
995,是,混动电驱总成构型设计,1,0,0,0,0,湖北武汉,校级基地,湖北省,
996,是,针对电表应用的高性能天线的设计 (包含射频天线MOMI主辅天线技术的研究/多天线之间的干扰和隔离度研究),1,0,0,0,1,江苏启东,校级基地,江苏省,
997,是,人形机器人关节模组,1,0,0,0,0,湖北武汉,校级基地,湖北省,
998,是,高温布雷顿机组研究前沿分析及关键技术研究,1,0,0,0,0,中核集团,校级基地,,
999,是,京津产业新城科创先导区智能科技社区产业规划,1,0,0,1,0,天津武清,校级基地,天津市,
1000,否,人工智能驱动的零碳工厂建设与运行优化研究,2,1,0,0,0,湖北武汉,校级基地,湖北省,
1001,否,冀屯镇“向阳花海”项目,3,0,0,0,0,清华大学乡村振兴工作站,系级基地,北京市,
1002,否,创新型吸气式超低轨航天器研制,2,0,0,0,1,上海宝山,校级基地,上海市,
1003,是,面向脑机接口应用的光电融合多模态感知技术研究,1,1,0,0,0,清华大学工程物理系研究生社会实践中物院基地,系级基地,四川省,
1004,否,【项目定制优先】面向智慧水厂的全光谱紫外可见与三维荧光光谱(UV-VIS-EEM)的在线自动监测系统与消毒副产物(THMs)生成潜能预测模型,1,1,0,0,0,上海宝山,校级基地,上海市,
1005,是,基于开源软件的高温超导磁体失超仿真研究,2,2,0,0,0,中核集团,校级基地,,
1006,是,反应堆系统关键设备试验数据治理,1,0,0,0,0,中核集团,校级基地,,
1007,否,基于LLM的办公OA系统研发,1,0,0,0,0,山东滨州,校级基地,山东省,
1008,是,县域治理的“压舱石”: 基层职级公务员履职现状与能力建设,1,1,2,0,1,福建福州,校级基地,福建省,
1009,是,面向高自由度具身智能设备的高密度电气架构与信号完整性及EMC联合仿真研究,1,0,0,0,,福建福州,校级基地,福建省,PDF右侧截断，第四志愿数未显示
1010,是,聚变分子束加料系统标准化设计流程构建,1,0,0,0,0,中核集团,校级基地,,
1011,是,冀屯镇匹克球馆周边项目,3,0,0,0,0,清华大学乡村振兴工作站,系级基地,北京市,
1012,否,G340 东子线沾化西至沾临高速段改建附属工程,1,0,0,0,0,山东滨州,校级基地,山东省,
1013,是,以生产性服务业发展动能助力区域招商引资的调查研究,1,0,0,0,0,天津武清,校级基地,天津市,
1014,是,工业机器人润滑材料的研制及性能表征,1,0,0,0,0,清华大学乡村振兴工作站,系级基地,北京市,
1015,是,可穿戴多生理参数数据采集与分析系统,1,0,0,1,1,上海宝山,校级基地,上海市,
1016,否,多靶点神经调控联合脑机接口对慢性意识障碍的促醒机制与临床转化研究,1,1,1,0,0,上海静安,校级基地,上海市,
1017,是,文旅行业法律事务实践,2,0,0,0,0,山东烟台,校级基地,山东省,
1018,否,脊髓损伤后“泡沫”巨噬细胞线粒体源性胞葬障碍的病理机制研究,1,0,0,0,0,江苏南通,校级基地,,
1019,是,利用质子弧形治疗实现空间分割放疗技术研究,1,0,0,0,0,江苏昆山,校级基地,江苏省,
1020,否,【项目定制优先】脱发疾病的发病机制及诊疗研究,2,2,0,0,1,上海静安,校级基地,上海市,
1021,是,复杂环境下无人机智能感知与避障技术研究,5,0,0,0,0,安徽宣城,校级基地,安徽省,
1022,否,宣州区水东镇文旅品牌提升与视觉传播系统建设项目,2,0,0,0,0,安徽宣城,校级基地,安徽省,
1023,否,公共治理模式调研、地方发展战略规划的起草及修订,2,0,0,0,0,安徽宣城,校级基地,安徽省,
1024,是,昆山开发区企业人力资源用工市场调研,1,0,0,0,0,江苏昆山,校级基地,江苏省,
1025,是,航改型燃机增加动力透平,2,0,0,0,0,山东烟台,校级基地,山东省,
1026,否,机械监测信号质量在机实时检测方法,1,0,0,0,0,清华大学机械系研究生社会实践中物院六所基地,系级基地,四川省,
1027,是,探寻地理标志产品、道地药材——清华大学药学院宣木瓜专项研学项目,2,1,0,0,0,安徽宣城,校级基地,安徽省,
1028,否,小初高思政一体化建设实践研究,2,0,0,0,0,内蒙古乌海,校级基地,内蒙古自治区,
1029,是,泵驱两相内循环液冷模组设计优化,1,1,0,0,0,江苏昆山,校级基地,江苏省,
1030,否,超精密、宽共模范围双向电流检测放大器研发,1,0,0,0,0,江苏南通,校级基地,,
1031,否,煤下铝土资源煤铝共釆技术与政策研究,2,0,0,0,0,河南郑州,校级基地,河南省,
1032,是,氧化铝AI计算数字大模型分解过程工艺指标预测与调控模型,1,0,0,0,0,河南郑州,校级基地,河南省,
1033,是,基于深/极紫外激光照射下的光学材料寿命、耐辐照性能、损伤阈值及迟滞性能的测试,1,0,0,0,0,江苏南通,校级基地,,
1034,是,AI纳米抗体设计,1,0,1,0,0,河南郑州,校级基地,河南省,
1035,是,管片智能辅助拼装关键技术研究,2,0,0,0,0,河南郑州,校级基地,河南省,
1036,否,结构功能一体化高端铜材产品开发,1,0,0,0,0,河南郑州,校级基地,河南省,
1037,是,产线产能数字化开发,1,0,0,0,0,河南郑州,校级基地,河南省,
1038,否,遥测式激光诱导击穿光谱仪整机光学系统优化调试及结构升级,1,0,0,0,0,山东烟台,校级基地,山东省,
1039,是,基于物理约束深度学习的复杂基质X射线荧光光谱解析方法研究,1,0,0,1,0,山东烟台,校级基地,山东省,
1040,是,企业端到端流程体系变革与优化,2,0,0,0,0,山东烟台,校级基地,山东省,
1041,是,橡胶产品静刚度回滞曲线的仿真研究,1,0,0,0,0,安徽宣城,校级基地,安徽省,
1042,是,超声成像算法及系统研究,3,1,5,0,0,江苏省无锡市无锡海斯凯尔医学技术有限公司,系级基地,北京市,
1043,是,暖水乡生态康养及文化旅游产业发展规划,1,0,0,0,0,内蒙古鄂尔多斯,校级基地,内蒙古自治区,
1044,是,暖水乡异地公共服务供给保障对策建议,1,0,0,0,0,内蒙古鄂尔多斯,校级基地,内蒙古自治区,
1045,是,开展南通市生物医药产业的研究,1,0,0,0,0,江苏南通,校级基地,,
1046,是,发泡聚氨酯类产品吸/隔音机理与产品设计研究,1,0,0,0,0,安徽宣城,校级基地,安徽省,
1047,是,超薄缓冲材料的可行性研究,1,0,0,0,0,浙江嘉兴嘉善,校级基地,浙江省,
1048,否,三重四极杆电感耦合等离子体质谱仪(ICP-MS)电子系统理论设计,1,0,0,0,0,山东烟台,校级基地,山东省,
1049,否,单细胞组学技术解析中枢神经系统衰老的靶标鉴定和机制研究,2,0,1,0,1,河南郑州,校级基地,河南省,
1050,否,如何做好高层次人才引进,1,0,0,0,0,清华大学经管学院研究生社会实践湖州基地,系级基地,浙江省,
1051,否,AI技术数字信息在粮库的应用研究(粮库安全巡检机器人),1,0,0,0,0,河南郑州,校级基地,河南省,
1052,是,人工智能在医疗领域研究,2,1,2,1,1,清华大学社科学院研究生社会实践眉山天府新区基地,系级基地,四川省,
1053,是,特定OFDM信号解调分析,2,0,0,0,0,江苏昆山,校级基地,江苏省,
1054,是,乡村振兴视野下“一村一画”和美乡村墙绘设计与实践,2,0,1,0,1,安徽宣城,校级基地,安徽省,
1055,否,电磁加载装置智能控制方法,1,0,0,0,0,清华大学机械系研究生社会实践中物院六所基地,系级基地,四川省,
1056,否,"三重四极杆电感耦合等离子体质谱仪(ICP-MS)离子光学系统仿真设计,包括直角拐弯离子偏转系统原理仿真;",1,0,0,0,1,山东烟台,校级基地,山东省,
1057,否,城市近郊农文旅发展项目,2,0,1,0,0,清华大学社科学院研究生社会实践眉山天府新区基地,系级基地,四川省,
1058,否,螺旋钻机,1,0,0,0,0,山东烟台,校级基地,山东省,
1059,否,新能源汽车用高性能铝材产品研发及推广应用,1,0,0,0,0,河南郑州,校级基地,河南省,
1060,否,"皖苏边界融合发展,促进和美乡村建设",6,0,0,0,0,安徽宣城,校级基地,安徽省,
1061,否,认知康复 MR 游戏设计开发,1,1,0,0,0,上海静安,校级基地,上海市,
1062,否,纳米运动平台智能控制方法,2,0,0,0,0,清华大学机械系研究生社会实践中物院六所基地,系级基地,四川省,
1063,是,超低温超高压精密液氮输送设备研究,1,0,0,0,0,山东烟台,校级基地,山东省,
1064,是,新时代文明实践调研与成果创作实践项目,2,0,0,0,0,安徽宣城,校级基地,安徽省,
1065,否,房屋信息模型赋能智慧住房应用实践,2,0,0,0,0,河南郑州,校级基地,河南省,
1066,是,医疗设备及耗材研发,4,1,1,2,0,江苏省无锡市无锡海斯凯尔医学技术有限公司,系级基地,北京市,
1067,否,临床宏基因组测序诊断肾移植患者术后尿液中病原体的组成分布及疗效评估,1,0,0,0,0,河南郑州,校级基地,河南省,
1068,否,AI 助力硬件开发提效专项,1,1,0,0,0,清华大学材料学院研究生社会实践歌尔基地,系级基地,山东省,
1069,否,分布式电解海水制氢技术调研,1,2,0,0,0,山东烟台,校级基地,山东省,
1070,否,乡村文旅资源整合与品牌提升策略研究,1,0,0,0,0,安徽宣城,校级基地,安徽省,
1071,是,股骨转子间骨折新解剖分型系统及个体化重建策略的研究,1,0,0,0,0,河南郑州,校级基地,河南省,
1072,否,多元化解婚姻家庭矛盾纠纷,1,0,0,0,0,安徽宣城,校级基地,安徽省,
1073,否,面向机器人灵巧操作的柔性精细触觉传感与大模型泛化训练技术研究,2,1,0,1,0,清华大学材料学院研究生社会实践歌尔基地,系级基地,山东省,
1074,否,国家医保智能监管系统,1,0,0,0,0,内蒙古乌海,校级基地,内蒙古自治区,
1075,否,隧道扫描投影测量机器人研制,1,0,0,0,0,河南郑州,校级基地,河南省,
1076,否,基于微纳光学器件的生物医学仪器及健康监测仪器研究,2,1,0,0,0,清华大学材料学院研究生社会实践歌尔基地,系级基地,山东省,
1077,是,高腐蚀工况矿山设备防腐技术研究,1,0,0,0,0,河南郑州,校级基地,河南省,
1078,是,分子泵高速转子动力学仿真研究,1,0,0,0,0,清华大学机械系研究生社会实践中物院六所基地,系级基地,四川省,
1079,是,无人机用超薄壁长寿命核心热控部件的高可靠精密增材制造关键技术开发及应用,2,0,0,0,,河南郑州,校级基地,河南省,PDF右侧截断，第四志愿数未显示
1080,否,O-GlcNAc糖基化修饰调控小胶质细胞焦亡促进脓毒症脑病的机制研究和诊疗标志物构建,1,0,0,0,,江苏南通,校级基地,,PDF右侧截断，第四志愿数未显示
1081,是,锌转运蛋白8(ZnT8)膜蛋白的纯化以及在I型糖尿病诊断中的应用,1,0,0,0,0,河南郑州,校级基地,河南省,
1082,否,【项目定制优先】基于时空推演的轨道交通延误预测及调整策略评估算法研究,1,1,0,0,0,上海静安,校级基地,上海市,
1083,否,菁英医学博士临床实践与学科创新发展研究,2,0,0,0,0,上海静安,校级基地,上海市,
1084,是,基于RPA-CRISPR/Cas12b技术的肺炎支原体可视化快速检测技术研究,8,0,0,0,0,河南郑州,校级基地,河南省,
1085,否,区域慢病患者随访管理与健康科普宣教实践研究,2,1,0,0,0,上海静安,校级基地,上海市,
1086,是,【项目定制】老年人群心肾代谢综合征的发病风险、疾病进展轨迹及不良结局预测的前瞻性队列研究(静安区重点专科建设项目),1,2,0,0,0,上海静安,校级基地,上海市,
1087,是,精神科患者肌酸激酶、尿酸与精神科临床的关系研究,1,0,0,1,0,河南郑州,校级基地,河南省,
1088,是,面向云服务器的时序异常检测研究,1,0,0,1,0,江苏昆山,校级基地,江苏省,
1089,是,基层治理与乡村振兴协同发展研究(文旅融合 + 农业节水),2,0,0,0,0,内蒙古鄂尔多斯,校级基地,内蒙古自治区,
1090,否,教育部大中小学思政品牌(河南)“粮食安全?家国同安”及全国粮食安全宣传教育基地场景开发一体化建设,2,0,0,0,0,河南郑州,校级基地,河南省,
1091,是,救援钻机整机集成技术研究,1,0,0,0,0,河南郑州,校级基地,河南省,
1092,否,金相试样热镶嵌设备的加热与冷却系统,1,0,0,0,0,山东烟台,校级基地,山东省,
1093,否,学生常见病及健康影响因素监测与干预,2,1,0,0,0,安徽宣城,校级基地,安徽省,
1094,否,rTMS 联合 MI-BCI 闭环康复系统对脑卒中后上肢功能障碍恢复的机制研究及临床机制研究,1,0,1,0,1,上海静安,校级基地,上海市,
1095,否,基于大模型的宽厚板生产工艺智能优化系统,2,0,0,0,0,河南郑州,校级基地,河南省,
1096,是,高效、节能燃烧器及换热器研究,1,0,0,0,0,山东烟台,校级基地,山东省,
1097,是,基于AI的VR/MR头显结构轻量化智能优化设计,2,1,0,0,1,清华大学材料学院研究生社会实践歌尔基地,系级基地,山东省,
1098,是,仁里村传统村落文化资源价值实现路径优化与实践,2,1,1,2,0,安徽宣城,校级基地,安徽省,
1099,否,药品分析技术,1,0,0,0,0,安徽宣城,校级基地,安徽省,
1100,是,AI服务器检测设备的硬件系统研发(含核心板卡、传感器模块、信号采集电路设计),1,0,0,1,0,江苏昆山,校级基地,江苏省,
1101,是,昆山市产业人才发展现状研究,1,0,2,1,0,江苏昆山,校级基地,江苏省,
1102,是,绩溪县高端金属材料制造与加工产业集群升级路径与协同发展机制研究,2,0,0,0,0,安徽宣城,校级基地,安徽省,
1103,否,CMP装备静电防控技术研究,1,0,0,0,0,清华大学机械系研究生社会实践华海清科基地,系级基地,天津市,
1104,是,热压焊头优化设计及压接工艺研究,2,0,0,0,0,浙江嘉兴嘉善,校级基地,浙江省,
1105,是,面向数字孪生的增减材设备场景可视化方法研究,2,0,0,0,0,河南郑州,校级基地,河南省,
1106,否,晶圆键合设备高精度对准项目研究,2,0,1,0,0,山东烟台,校级基地,山东省,
1107,是,加速器技术在半导体行业中的应用研究,1,0,0,2,0,江苏昆山,校级基地,江苏省,
1108,是,一种用于预防食管ESD术后狭窄的药物释放装置及方法,1,0,0,0,0,清华大学社科学院研究生社会实践眉山天府新区基地,系级基地,四川省,
1109,否,顶管机研究与开发,1,0,0,0,0,河南郑州,校级基地,河南省,
1110,是,机器人视觉导航算法开发,2,0,0,0,0,山东烟台,校级基地,山东省,
1111,否,面向动态基准视轴稳定的主动控制方法研究,1,0,1,0,0,清华大学机械系研究生社会实践中物院六所基地,系级基地,四川省,
1112,否,老年患者手术麻醉后快速康复策略研究,2,0,0,0,0,清华大学社科学院研究生社会实践眉山天府新区基地,系级基地,四川省,
1113,是,VCM马达研发设计,2,0,0,0,0,浙江嘉兴嘉善,校级基地,浙江省,
1114,是,数据治理项目,1,0,0,0,1,江苏昆山,校级基地,江苏省,
1115,否,精密/超精密机床失效机理研究,1,0,0,0,0,清华大学机械系研究生社会实践中物院六所基地,系级基地,四川省,
1116,是,电气能源节能专项,1,0,0,0,0,河南郑州,校级基地,河南省,
1117,否,轨道交通行业国产元器件可靠性智能评价系统研究,1,0,0,0,0,上海静安,校级基地,上海市,
1118,是,特定通信系统的收发模拟,1,0,0,0,0,江苏昆山,校级基地,江苏省,
1119,是,南太湖新区产才深度融合助推区域产业高质量发展研究,1,0,1,0,0,清华大学经管学院研究生社会实践湖州基地,系级基地,浙江省,
1120,否,上海市静安区商业文化创意科技融合发展研究,1,3,1,1,1,上海静安,校级基地,上海市,
1121,是,橡胶密封件低温仿真研究,1,0,0,0,0,安徽宣城,校级基地,安徽省,
1122,是,分子酶和生物试剂开发平台的研发,1,1,0,0,1,江苏昆山,校级基地,江苏省,
1123,否,基于文旅融合的郑州特色公交专线建设与运营优化研究,3,0,0,0,0,河南郑州,校级基地,河南省,
1124,是,南太湖新区招才引智与产业发展相结合的研究,1,0,0,0,0,清华大学经管学院研究生社会实践湖州基地,系级基地,浙江省,
1125,否,乌海市信息化系统运维分散问题治理与一体化运维体系研究,2,0,0,0,0,内蒙古乌海,校级基地,内蒙古自治区,
1126,是,结直肠癌个性化新抗原mRNA疫苗的研发平台构建与临床前研究,2,0,0,0,0,河南郑州,校级基地,河南省,
1127,否,文房四宝线上店铺的销售运营(传统文房四宝产品以及文房创意产品),1,0,0,0,0,安徽宣城,校级基地,安徽省,
1128,是,面向非常规油气开采的高抗冲击耐腐蚀聚晶金刚石复合片(PDC)关键技术研发,2,0,0,0,,河南郑州,校级基地,河南省,PDF右侧截断，第四志愿数未显示
1129,否,基于自然语言交互的轨交运营运维分析系统研究,1,0,0,1,0,上海静安,校级基地,上海市,
1130,是,油管露磁检测探头磁化系统及探头设计,2,0,0,0,0,山东烟台,校级基地,山东省,
1131,是,高精度三维检测算法研究,2,0,0,0,0,河南郑州,校级基地,河南省,
1132,是,具身机器人装配场景移动操作,2,0,0,1,0,山东烟台,校级基地,山东省,
1133,是,特高压避雷器系统设计研究,1,0,0,0,0,江苏南通,校级基地,,
1134,是,近海风电与海洋能互补发电系统关键部件研发及控制策略优化,4,0,0,0,0,江苏南通,校级基地,,
1135,否,南通市脑卒中防治与减残试点项目—“8+2”脑卒中风险评估模型本地化优化与验证研究,2,0,0,0,,江苏南通,校级基地,,PDF右侧截断，第四志愿数未显示
1136,是,高压工况下动态密封结构设计,1,0,1,0,0,山东烟台,校级基地,山东省,
1137,否,上海市静安区“十五五”重点产业研究,1,4,0,0,0,上海静安,校级基地,上海市,
1138,是,多学科创新高研实验室项目,4,0,0,0,2,清华大学社科学院研究生社会实践眉山天府新区基地,系级基地,四川省,
1139,是,大功率软启离合器的设计开发,1,0,0,0,0,山东烟台,校级基地,山东省,
1140,是,个人破产制度的创新研究与探索,1,0,0,1,0,江苏昆山,校级基地,江苏省,
1141,否,宣州区长合投公司发展战略规划、产业运营模式的研究,2,0,0,0,0,安徽宣城,校级基地,安徽省,
1142,是,AI智能工具调研与实践,1,0,1,0,1,江苏昆山,校级基地,江苏省,
1143,是,基于机器视觉的预制阶段桥梁实时监测系统研究,2,0,0,0,0,河南郑州,校级基地,河南省,
1144,是,柱塞泵轴瓦结构设计及寿命评价,1,0,0,0,0,山东烟台,校级基地,山东省,
1145,是,AI教育大模型及相关年增百万会员平台研发、优化、运营、AI赋能传统产业转型升级,5,0,0,0,0,河南郑州,校级基地,河南省,
1146,否,标准级孵化器打造,1,0,0,0,0,河南郑州,校级基地,河南省,
1147,否,漆包铜圆线、漆包铝圆线加工工艺改进生产研发及销售,1,0,0,0,0,河南郑州,校级基地,河南省,
1148,否,人民出版社成立105周年和中共早期宣传工作系列研究和纪念活动,1,3,2,2,1,上海静安,校级基地,上海市,
1149,否,糖尿病人群结核病难治性患者优化治疗策略研究,1,0,0,0,0,河南郑州,校级基地,河南省,
1150,否,社会工作服务体系建设研究,1,0,0,0,0,清华大学社科学院研究生社会实践眉山天府新区基地,系级基地,四川省,
1151,是,放疗技术在非肿瘤疾病上的应用研究,1,0,0,0,1,江苏昆山,校级基地,江苏省,
1152,否,面向认知障碍患者的病情进展分析与预测,1,1,0,0,0,江苏南通,校级基地,,
1153,是,LNP递送mRNA用于体内CAR-M治疗隐球菌性脑膜炎(静安区重点专科建设项目),1,2,0,1,,上海静安,校级基地,上海市,PDF右侧截断，第四志愿数未显示
1154,否,【项目定制优先】考虑调车车组动态约束的大型铁路车站调车路径实时搜索算法及应用,1,0,0,0,,上海静安,校级基地,上海市,PDF右侧截断，第四志愿数未显示
1155,否,跨平台软件框架开发,1,0,0,1,0,清华大学机械系研究生社会实践华海清科基地,系级基地,天津市,
1156,是,服务器电源同步开关噪声仿真与分析,1,1,0,0,1,江苏昆山,校级基地,江苏省,
1157,是,党建引领下县域城关镇社区治理现代化的实践路径与创新机制研究,2,0,0,0,0,安徽宣城,校级基地,安徽省,
1158,是,vxworks项目移植到Linux,1,0,0,0,0,江苏昆山,校级基地,江苏省,
1159,否,企业品牌宣传、推广和视觉设计,2,0,0,0,0,安徽宣城,校级基地,安徽省,
1160,是,机器人触觉感知算法优化与灵巧手边缘反馈控制系统开发,1,0,0,0,0,浙江嘉兴嘉善,校级基地,浙江省,
1161,是,中学生生物学术指导,2,0,0,0,0,清华大学社科学院研究生社会实践眉山天府新区基地,系级基地,四川省,
1162,是,马林斯Mullins效应参数的拟合方法,1,0,0,0,0,安徽宣城,校级基地,安徽省,
1163,是,母顶管子盾构掘进机关键技术研究及应用,1,0,0,0,0,河南郑州,校级基地,河南省,
1164,是,新型设备研发专项,1,0,0,0,0,河南郑州,校级基地,河南省,
1165,是,用于机械臂抓取深度学习高精度分割算法实现,1,0,0,0,0,江苏昆山,校级基地,江苏省,
1166,是,大功率发动机双燃料系统研究与应用,1,0,0,0,0,山东烟台,校级基地,山东省,
1167,是,中学生高中数学联赛竞赛指导,2,0,0,0,0,清华大学社科学院研究生社会实践眉山天府新区基地,系级基地,四川省,
1168,是,文旅行业招商运营及资产管理,2,0,0,0,0,山东烟台,校级基地,山东省,
1169,是,鄂尔多斯现代煤化工创新技术中试基地运营管理指导服务,2,0,0,0,1,内蒙古鄂尔多斯,校级基地,内蒙古自治区,
1170,是,"眉山天府新区“三资三化”项目:适应新形势下地方财政改革,打破“土地财政”制约,推动“资源资产化、资产资本化、资本证券化”的“大财政”体系建设,盘活利用国有 产资源。",2,0,1,1,0,清华大学社科学院研究生社会实践眉山天府新区基地,系级基地,四川省,
1171,是,离子源仿真设计,1,0,1,0,0,清华大学机械系研究生社会实践中物院六所基地,系级基地,四川省,
1172,是,视高街道新迁入居民社区融合路径研究,2,0,0,0,0,清华大学社科学院研究生社会实践眉山天府新区基地,系级基地,四川省,
1173,否,真实工况多场耦合作用下的静动态回转误差形成机理研究,1,0,0,0,0,清华大学机械系研究生社会实践中物院六所基地,系级基地,四川省,
1174,是,非制冷红外AI-ISP技术,2,0,0,0,0,山东烟台,校级基地,山东省,
1175,否,连铸板坯低倍质量自动识别与智能预测研究,1,0,0,0,0,河南郑州,校级基地,河南省,
1176,否,基于大温差吸收式热泵的新型集成换热机组关键技术研究,1,0,0,0,0,河南郑州,校级基地,河南省,
1177,是,"景区街区更新提升、历史建筑保护,以及建筑设计实践",2,0,0,0,0,山东烟台,校级基地,山东省,
1178,是,船体焊脚信息三维标注技术的研究与应用,2,0,0,0,0,江苏南通,校级基地,,
1179,是,基于分子伴侣共表达的抗聚集CHO细胞系构建,1,0,0,0,0,河南郑州,校级基地,河南省,
1180,否,基于EEG与fNIRS信号的语言解码研究,1,1,0,0,0,江苏南通,校级基地,,
1181,是,电驱注入头刹车系统以及驱动系统研究,2,0,0,0,0,山东烟台,校级基地,山东省,
1182,是,AI蛋白质改造,1,0,0,0,0,河南郑州,校级基地,河南省,
1183,是,四足机器人工况振动、冲击研究以及负载减震系统开发,2,0,0,0,0,山东烟台,校级基地,山东省,
1184,是,人工智能在蛋白质工程中的应用,1,1,0,0,0,河南郑州,校级基地,河南省,
1185,否,【项目定制优先】基于健康体检人群利用AI辅助构建衰老时钟的研究,2,2,0,0,0,清华大学社科学院研究生社会实践眉山天府新区基地,系级基地,四川省,
1186,否,大惯量比气浮主轴刚柔耦合建模,1,0,0,0,0,清华大学机械系研究生社会实践中物院六所基地,系级基地,四川省,
1187,是,达拉特旗科技人才项目库建设,1,0,0,0,0,内蒙古鄂尔多斯,校级基地,内蒙古自治区,
1188,是,基于读数头优化布局的圆光栅自校准系统设计与实现,1,0,0,0,0,清华大学机械系研究生社会实践中物院六所基地,系级基地,四川省,
1189,否,SIRT1通过星形胶质细胞线粒体重编程调节烧伤脓毒性脑病神经功能的研究,1,0,0,0,0,河南郑州,校级基地,河南省,
1190,否,黑色素瘤的放疗联合免疫治疗基础研究,1,0,0,0,0,清华大学社科学院研究生社会实践眉山天府新区基地,系级基地,四川省,
1191,是,激光去重动平衡关键技术,1,0,0,0,0,清华大学机械系研究生社会实践中物院六所基地,系级基地,四川省,
1192,否,机台智能问答智能体,1,0,0,0,0,清华大学机械系研究生社会实践华海清科基地,系级基地,天津市,
1193,是,区域发展和综合治理课题研究,1,1,0,0,1,内蒙古鄂尔多斯,校级基地,内蒙古自治区,
1194,是,高端抗电化学腐蚀聚晶金刚石复合片(PDC)的关键技术研发,2,0,0,0,0,河南郑州,校级基地,河南省,
1195,是,干部信息智能化系统,1,0,0,0,0,江苏南通,校级基地,,
1196,是,新区教育质量优质均衡发展研究,2,0,0,0,0,清华大学社科学院研究生社会实践眉山天府新区基地,系级基地,四川省,
1197,否,MR 混合现实中医眼科培训系统,1,0,0,0,0,上海静安,校级基地,上海市,
1198,是,企业全周期核心法律风险的提示与保护,2,0,0,0,0,江苏南通,校级基地,,
1199,是,双聘PI驱动的精准医学入院检测与重点学科科研赋能,2,0,0,0,0,清华大学经管学院研究生社会实践湖州基地,系级基地,浙江省,
1200,是,超精密机床数字孪生建模及表面质量预测,1,0,0,0,0,清华大学机械系研究生社会实践中物院六所基地,系级基地,四川省,
1201,否,风载荷对光学地面站的影响及抗风补偿策略研究,1,0,0,0,0,清华大学社科学院研究生社会实践眉山天府新区基地,系级基地,四川省,
1202,否,晶须碳纳米管小样本工业数据下的模型泛化能力提升,1,0,0,0,0,河南郑州,校级基地,河南省,
1203,是,光学图像算法及系统研究,3,3,0,1,0,江苏省无锡市无锡海斯凯尔医学技术有限公司,系级基地,北京市,
1204,是,设备健康度评价系统,2,0,0,0,0,山东烟台,校级基地,山东省,
1205,是,残余气体分析质谱仪,1,0,0,0,0,清华大学机械系研究生社会实践中物院六所基地,系级基地,四川省,
1206,是,大牛地气田深层煤层气水平井优快钻完井关键技术研究,1,0,0,0,0,河南郑州,校级基地,河南省,
1207,否,高压氧联合脑电仿生电刺激治疗对偏头痛患者临床疗效及神经递质水平的影响,2,0,0,0,0,河南郑州,校级基地,河南省,
1208,是,非标自动化设备——类人形机器人关节磁铁组装及功能检测(3c行业/机器人),1,0,0,0,,江苏昆山,校级基地,江苏省,PDF右侧截断，第四志愿数未显示
1209,是,变压器非电量在线监测与校验关键技术开发及应用,1,0,0,0,0,河南郑州,校级基地,河南省,
1210,否,基于PID的ICP源控制,1,0,0,0,0,山东烟台,校级基地,山东省,
1211,否,房屋信息模型赋能智慧住房应用实践,3,0,0,0,0,河南郑州,校级基地,河南省,
1212,否,特种电源设计,2,0,0,0,0,河南郑州,校级基地,河南省,
1213,否,绿色储粮技术集成应用,1,0,0,0,0,河南郑州,校级基地,河南省,
1214,否,基于数据驱动的超精密机床早期失效表征机制研究,1,0,0,0,0,清华大学机械系研究生社会实践中物院六所基地,系级基地,四川省,
1215,是,基于多传感融合的超精密回转轴回转误差智能分离方法研究,1,0,0,0,0,清华大学机械系研究生社会实践中物院六所基地,系级基地,四川省,
1216,是,眉山天府新区新型政策性金融工具(基金)投向领域项目申报,2,1,1,1,0,清华大学社科学院研究生社会实践眉山天府新区基地,系级基地,四川省,
1217,是,文旅产业规划及点位落位,2,0,0,0,0,山东烟台,校级基地,山东省,
1218,是,昆山城运中心平台项目,1,0,0,0,0,江苏昆山,校级基地,江苏省,
1219,否,陈化芦柑皮香解郁安神研究及产业化探索,1,0,0,0,0,福建泉州,校级基地,福建省,
1220,是,直升机传动系统安装调整的影响要素技术研究,1,0,0,0,0,清华大学机械系研究生社会实践昌飞基地,系级基地,江西省,
1221,是,基于动力学建模的乳化液泵减速箱振动噪声控制与结构优化研究,1,0,0,0,0,清华大学机械系研究生社会实践天玛智控基地,系级基地,北京市,
1222,否,AI教育伦理框架与学生信任机制研究,2,1,0,2,0,广东惠州,校级基地,,
1223,是,官方融媒体矩阵建设,2,0,0,0,0,天津津南,校级基地,天津市,
1224,否,活性炭搭载技术在鼻炎药用燃香产品功效增强中的应用,1,0,0,0,0,福建泉州,校级基地,福建省,
1225,否,灾难医学与急救知识课程建设:虚拟现实辅助英文课程建设,1,1,0,0,0,北京清华长庚医院,系级基地,北京市,
1226,否,智能化财务经营分析系统建设,2,0,0,0,0,清华大学经管学院研究生社会实践国联民生证券基地,系级基地,江苏省,
1227,是,超高温度真空蠕变实验设备关键技术优化研究,2,0,0,0,1,天津津南,校级基地,天津市,
1228,否,基于深度学习的AI判断肝癌放疗后疗效的方法建立,1,1,1,1,0,北京清华长庚医院,系级基地,北京市,
1229,是,惠州市“环两山”区域文化内容挖掘、文旅场景融合、品牌价值传播与创新运营研究与实践,1,0,0,0,0,广东惠州,校级基地,,
1230,否,卡介苗与CTLA-4抗体缓释微球局部给药联合PD-1抑制剂治疗MSS型结直肠癌肝转移的疗效及机制研究,1,0,0,0,0,北京清华长庚医院,系级基地,北京市,
1231,否,锻压机械重载伺服技术、智能化设计系统与人工智能技术研究,1,0,0,0,0,江苏扬州,校级基地,江苏省,
1232,是,基于AI的机器人去毛刺工艺参数智能推荐与自适应优化,2,0,0,0,0,清华大学机械系研究生社会实践天玛智控基地,系级基地,北京市,
1233,是,"惠州市“环两山”区域内,惠州市环两山投资开发有限公司项下各类项目整体综合系统、未来业务发展战略研究、整体人工智能打造",1,0,0,0,0,广东惠州,校级基地,,
1234,否,【项目定制优先】关于推动人工智能赋能银发经济发展的建议,1,0,0,0,0,广东惠州,校级基地,,
1235,否,自主发现的多学科示范验证,2,1,1,1,0,国家能源集团,校级基地,,
1236,否,氢液化连续正仲氢转化器流动、换热与反应耦合模型搭建与仿真计算,1,0,0,0,0,国家能源集团,校级基地,,
1237,否,氢液化连续正仲氢转化催化剂催化机理计算模拟研究,1,1,0,0,0,国家能源集团,校级基地,,
1238,是,厌氧发酵及相关生物脱硫技术研究,2,0,0,0,0,辽宁盘锦,校级基地,辽宁省,
1239,是,红海滩国家风景廊道品牌建设,2,1,0,0,0,辽宁盘锦,校级基地,辽宁省,
1240,是,特高压新型阀厅金具的研制,2,0,0,0,0,江苏扬州,校级基地,江苏省,
1241,是,幸福河湖水生态产品价值转化理论体系及实践案例研究,2,0,1,2,3,清华大学水利系研究生社会实践福建水院基地,系级基地,福建省,
1242,是,铸魂育人:大中小学思政一体化课程建设实践研究课题,2,0,1,2,0,清华大学社科学院研究生社会实践首师朝阳集团基地,系级基地,北京市,
1243,是,高压柱塞泵液力端流场仿真与效率优化,1,0,0,0,0,清华大学机械系研究生社会实践天玛智控基地,系级基地,北京市,
1244,否,国有资产管理与运营研究,1,0,2,0,0,广东惠州,校级基地,,
1245,是,财务全流程核算与管理优化项目,5,0,1,0,0,天津津南,校级基地,天津市,
1246,是,【项目定制优先】广东东江革命历史研究,2,0,0,0,0,广东惠州,校级基地,,
1247,否,基于大数据的高血压患者精准化治疗策略选择与预警模型的建立,1,1,2,0,0,北京清华长庚医院,系级基地,北京市,
1248,是,积极心理学项目,2,0,0,0,0,清华大学社科学院研究生社会实践首师朝阳集团基地,系级基地,北京市,
1249,否,连续碳化硅纤维用上浆剂的研制及应用,3,0,0,0,0,福建泉州,校级基地,福建省,
1250,否,基于多模态数据的脊柱退变性疾病人工智能数据库建设和诊疗智能体研发,1,0,0,0,0,北京清华长庚医院,系级基地,北京市,
1251,是,基于 CUDA Agent 的复杂计算内核性能优化应用探索,1,1,0,0,0,清华大学工程物理系研究生社会实践联影基地,系级基地,上海市,
1252,是,综采工作面控制系统语音交互功能开发与优化,2,0,0,0,0,清华大学机械系研究生社会实践天玛智控基地,系级基地,北京市,
1253,否,【项目定制优先】高水基变排量泵关键技术研究及仿真分析,1,0,0,0,0,清华大学机械系研究生社会实践天玛智控基地,系级基地,北京市,
1254,否,福建省晋江东溪幸福河湖建设项目,1,0,0,0,0,福建泉州,校级基地,福建省,
1255,是,工业机器人加工系统数字孪生构建与运动学优化研究,1,0,0,0,0,天津津南,校级基地,天津市,
1256,否,电化学合成氨膜电极组件关键技术研究,1,1,0,0,0,国家能源集团,校级基地,,
1257,否,基于CFD数据的液氢往复泵多冲程热网络模型构建与热累积机理研究,1,0,0,0,0,国家能源集团,校级基地,,
1258,是,金属扩散层正向设计研究,1,0,0,0,0,国家能源集团,校级基地,,
1259,是,盘锦市适宜技术推广项目《心房颤动的规范化诊疗》,3,0,0,0,0,辽宁盘锦,校级基地,辽宁省,
1260,是,10兆瓦大功率电加热技术,1,0,0,1,0,辽宁盘锦,校级基地,辽宁省,
1261,是,【项目定制优先】食品中脂肪酸与反式脂肪酸分析质量控制样品研发,2,1,0,0,0,辽宁盘锦,校级基地,辽宁省,
1262,否,蒸发镀膜机中大型等离子体离子源快速方向控制系统研发,1,0,0,0,0,江苏扬州,校级基地,江苏省,
1263,是,永春县“一县一溪一特色”田园风光项目,2,2,1,1,0,福建泉州,校级基地,福建省,
1264,否,惠城区未来社区发展规划研究,1,0,1,0,0,广东惠州,校级基地,,
1265,是,机器人焊接工艺参数优化与质量影响规律研究,2,0,0,0,0,清华大学机械系研究生社会实践天玛智控基地,系级基地,北京市,
1266,否,县区国有集团企业发展战略规划研究(含企业管理、商业模式研究、业务流程优化、战略规划制订),1,0,0,0,0,广东惠州,校级基地,,
1267,是,人工智能和机器人招商引资政策创新实践及对惠州的借鉴,1,0,0,0,0,广东惠州,校级基地,,
1268,是,惠阳区国有资产经营集团有限公司美丽乡村走廊、育苗中心、莲子产业园宣传项目,1,0,0,0,,广东惠州,校级基地,,PDF右侧截断，第四志愿数未显示
1269,否,福建蓝莓促开花(10月)技术,1,0,0,0,0,福建泉州,校级基地,福建省,
1270,否,腹腔热灌注化疗生活质量评估,1,0,0,1,0,北京清华长庚医院,系级基地,北京市,
1271,是,福建水文化挖掘与传播研究,2,2,1,0,0,清华大学水利系研究生社会实践福建水院基地,系级基地,福建省,
1272,是,合同管理系统,2,0,0,0,0,广东惠州,校级基地,,
1273,否,园林产业与文旅市场融合发展新路径,1,0,1,1,0,江苏扬州,校级基地,江苏省,
1274,是,惠州市社会工作服务现状及发展研究,2,0,0,1,1,广东惠州,校级基地,,
1275,是,【项目定制优先】惠州市“环两山”区域文化内容挖掘、文旅场景融合、品牌价值传播与创新运营研究与实践,1,2,0,0,0,广东惠州,校级基地,,
1276,是,综采供液系统压力比例控制技术研究,1,0,0,0,0,清华大学机械系研究生社会实践天玛智控基地,系级基地,北京市,
1277,是,优化完善《龙门县教育质量提升三年行动计划2026-2028年)》,1,0,0,0,0,广东惠州,校级基地,,
1278,是,经开区管委会与镇街运作机制设计及实体化路径研究,1,0,0,0,0,广东惠州,校级基地,,
1279,否,超高压阀密封可靠性、流场分析与响应优化研究,1,0,0,0,0,清华大学机械系研究生社会实践天玛智控基地,系级基地,北京市,
1280,是,教培一体化管理系统,5,0,0,0,1,天津津南,校级基地,天津市,
1281,是,汝湖镇古村运营盘活项目,1,0,0,0,0,广东惠州,校级基地,,
1282,否,“莓”好赋能文创设计与媒体运营融合实践,4,0,0,1,0,江苏扬州,校级基地,江苏省,
1283,是,基于并购重组背景的证券公司品牌价值评估与建设路径研究,1,0,1,0,0,清华大学经管学院研究生社会实践国联民生证券基地,系级基地,江苏省,
1284,是,中子谱仪配套真空高温设备研发与优化,1,0,0,0,0,天津津南,校级基地,天津市,
1285,否,人工智能辅助装备设计方法调研与探索,1,0,2,0,0,国家能源集团,校级基地,,
1286,是,稠油精细注采提效技术研究与试验,1,1,0,0,0,辽宁盘锦,校级基地,辽宁省,
1287,否,基层检察机关服务保障自贸试验区建设专项研究,2,0,0,0,0,新疆乌鲁木齐经开区,校级基地,新疆维吾尔自治区,
1288,否,阿尔茨海默病早期生物标志物筛选、精准检测技术开发及临床应用研究,1,0,0,0,0,北京清华长庚医院,系级基地,北京市,
1289,否,华丰林里农文旅融合乡村振兴项目,1,0,0,1,0,江苏扬州,校级基地,江苏省,
1290,是,海洋科学与工程-深蓝水下科技项目,2,0,0,0,0,清华大学社科学院研究生社会实践首师朝阳集团基地,系级基地,北京市,
1291,是,海洋科学与工程-深蓝水下科技项目,2,0,0,0,0,清华大学社科学院研究生社会实践首师朝阳集团基地,系级基地,北京市,
1292,是,编制《惠州市“十五五”人才发展规划》与健全优化新一轮人才政策,2,1,1,0,0,广东惠州,校级基地,,
1293,否,大湾区亲子庄园(惠州市博罗县泰美镇帮扶项目),1,0,0,0,0,广东惠州,校级基地,,
1294,否,惠州市康养养老项目发展战略研究,1,0,0,0,0,广东惠州,校级基地,,
1295,是,证券行业运用大数据、人工智能创新思想政治工作的实践路径与效能研究,1,0,0,0,,清华大学经管学院研究生社会实践国联民生证券基地,系级基地,江苏省,PDF右侧截断，第四志愿数未显示
1296,是,面向精密机械加工的工业机器人视觉在线引导与轨迹补偿系统研发,1,0,0,0,0,天津津南,校级基地,天津市,
1297,否,减速箱研究开发,2,0,0,0,0,广东惠州,校级基地,,
1298,是,铸魂育人:大中小学思政一体化课程建设实践研究课题,2,2,0,0,1,清华大学社科学院研究生社会实践首师朝阳集团基地,系级基地,北京市,
1299,否,淮山功能食品开发及膨化工艺优化研究,2,0,0,0,0,福建泉州,校级基地,福建省,
1300,是,龙江镇未来乡村发展与运营规划,2,1,0,0,0,广东惠州,校级基地,,
1301,是,红色研学基地的课程化改造与运营管理升级,1,0,0,0,0,天津津南,校级基地,天津市,
1302,否,短程反硝化脱氮技术在农污站点的应用,1,0,0,0,0,福建泉州,校级基地,福建省,
1303,是,端侧媒体AI技术研究,2,0,1,0,0,清华大学机械系研究生社会实践华为终端基地,系级基地,广东省,
1304,否,扬州唐子城·东南隅遗址文化园文旅项目策划与运营,1,1,0,0,1,江苏扬州,校级基地,江苏省,
1305,否,德化“兴记窑”传统制瓷工艺数字化复原与品牌化研究,2,0,0,0,0,福建泉州,校级基地,福建省,
1306,是,天开高教科创园津南园科技成果转化工作研究,1,0,1,0,0,天津津南,校级基地,天津市,
1307,否,中空试样临氢环境下内压与氢扩散耦合对材料力学行为的模拟研究,1,0,0,0,0,国家能源集团,校级基地,,
1308,是,区域生物多样性模式与金融支持路径研究,3,2,1,0,1,辽宁盘锦,校级基地,辽宁省,
1309,是,微生物稠油降解技术,1,0,0,0,0,辽宁盘锦,校级基地,辽宁省,
1310,是,具有负载高适应性的电磁电机智能控制算法开发与验证,2,1,0,0,0,天津津南,校级基地,天津市,
1311,是,手机相机功耗热体验优化,2,0,0,0,0,清华大学机械系研究生社会实践华为终端基地,系级基地,广东省,
1312,否,洛江区“五好两宜”和美乡村试点试验项目,1,0,0,0,0,福建泉州,校级基地,福建省,
1313,否,大亚湾石化区智慧管廊系统人工智能和机器人运用场景研究项目,1,0,0,0,0,广东惠州,校级基地,,
1314,否,智能猫砂笼(盆)自动清洁自动喂食与猫健康检测系统研发,2,0,0,0,0,福建泉州,校级基地,福建省,
1315,是,积极心理学项目,2,1,1,0,0,清华大学社科学院研究生社会实践首师朝阳集团基地,系级基地,北京市,
1316,是,机器人末端力控装置设计与控制技术研究,2,0,0,0,0,清华大学机械系研究生社会实践天玛智控基地,系级基地,北京市,
1317,是,“十四五”国家重点研发计划项目“黄河中游多沙粗沙区风水复合侵蚀协同治理技术与示范”课题,1,0,1,0,0,清华大学水利系研究生社会实践黄科院基地,系级基地,河南省,
1318,否,惠州城市品牌形象传播,2,0,0,0,0,广东惠州,校级基地,,
1319,是,掘进钻车液压机械臂动力学模型搭建及核算,1,0,0,0,0,清华大学机械系研究生社会实践天玛智控基地,系级基地,北京市,
1320,否,光器件经激光焊接微米级位移研究,1,0,0,0,0,福建泉州,校级基地,福建省,
1321,否,紫外红外光源与探测器项目,1,0,0,0,0,江苏扬州,校级基地,江苏省,
1322,是,智能医疗3D打印系统设备的研发和优化,2,0,0,0,1,天津津南,校级基地,天津市,
1323,是,文化创意小镇与AI人工智能产业园更新改造与投融资方案研究,2,0,0,0,0,广东惠州,校级基地,,
1324,是,惠阳区国有资产经营集团有限公司企业文化建设(品牌设计、VI视觉、可视化改造、企业理念愿景建设、文创产品等项目),1,0,0,0,0,广东惠州,校级基地,,
1325,是,A股市场系统性风险识别与预测(基于机器学习方法),1,2,0,0,1,清华大学经管学院研究生社会实践国联民生证券基地,系级基地,江苏省,
1326,是,面向装配检测全流程的工业机器人具身智能技术预研,2,0,1,0,1,清华大学机械系研究生社会实践天玛智控基地,系级基地,北京市,
1327,是,【项目定制优先】基于物理信息神经网络(PINN)的 Camera 模组 AA 工艺多物理场仿真与工艺快速优化方法,1,2,0,1,0,清华大学机械系研究生社会实践华为终端基地,系级基地,广东省,
1328,否,基于HBU150机翼结构的拓扑优化技术研究与应用,6,0,0,0,0,清华大学机械系研究生社会实践昌飞基地,系级基地,江西省,
1329,是,创业100项目,2,0,0,1,0,天津津南,校级基地,天津市,
1330,是,拔尖创新人才培养,3,4,5,1,0,清华大学社科学院研究生社会实践首师朝阳集团基地,系级基地,北京市,
1331,是,公交数字化转型项目,2,1,1,0,0,辽宁盘锦,校级基地,辽宁省,
1332,是,稠油自乳化表面活性剂可行性研究,1,1,0,0,0,辽宁盘锦,校级基地,辽宁省,
1333,否,惠州市农贸服务业发展战略研究,1,0,0,0,0,广东惠州,校级基地,,
1334,否,功能性红曲米在永春老醋中高值化应用,1,0,0,0,0,福建泉州,校级基地,福建省,
1335,是,基于physics AI的成像仿真加速,1,1,1,0,0,清华大学工程物理系研究生社会实践联影基地,系级基地,上海市,
1336,是,Agent Harness相关研究,5,9,2,1,0,快手杭州基地,系级基地,浙江省,
1337,是,中资企业出海拉美发展研究,2,3,0,0,0,清华大学经管学院研究生社会实践国联民生证券基地,系级基地,江苏省,
1338,否,课题1:跨境电商国外、海外仓问题研究 课题2:粤港澳大湾区规则衔接实证研究 课题3:广东省电子产业、新能源产业涉外法律风险防控研究 课题4:广东省低空经济法律 (备注:最终研究根据实际情况及学生意愿调整),2,0,0,0,0,广东惠州,校级基地,,
1339,否,血管外科医工交叉项目,1,0,0,0,0,北京清华长庚医院,系级基地,北京市,
1340,是,底层视觉在手机摄影中的技术创新,2,0,0,0,0,清华大学机械系研究生社会实践华为终端基地,系级基地,广东省,
1341,否,血清小而密低密度脂蛋白(sdLDL-C)及常见血脂指标与冠心病及II型糖尿病患者颈动脉粥样硬化斑块的相关性研究,1,1,0,0,0,北京清华长庚医院,系级基地,北京市,
1342,是,永春县雨水集蓄工程项目,1,0,0,0,0,福建泉州,校级基地,福建省,
1343,是,"耐弯折,耐扭转的金属与塑料复合薄膜开发",1,0,0,0,0,广东惠州,校级基地,,
1344,否,阻塞性睡眠呼吸暂停患者上气道扩张肌功能障碍及修复,1,0,0,0,1,北京清华长庚医院,系级基地,北京市,
1345,是,农产品产地环境和放射性废弃处置数据分析及其撰写SCI论文,4,0,1,0,1,辽宁盘锦,校级基地,辽宁省,
1346,是,温敏型智能压裂暂堵剂,2,0,0,0,0,辽宁盘锦,校级基地,辽宁省,
1347,否,大亚湾石化区集中供热区域人工智能和机器人运用场景研究项目,1,0,0,0,0,广东惠州,校级基地,,
1348,否,惠东县荔枝醋产品品牌推广优化与包装升级设计项目,1,0,1,0,0,广东惠州,校级基地,,
1349,是,三五族化合物半导体激光芯片研发,2,0,1,0,0,福建泉州,校级基地,福建省,
1350,否,基于物理引导深度学习的多源遥感水质反演,1,1,0,1,0,清华大学水利系研究生社会实践福建水院基地,系级基地,福建省,
1351,否,新媒体品牌推广方案设计,1,,,,,广东惠州,校级基地,,原PDF未显示志愿申请数
1352,是,AI时代初中学生学习认知模型的探索性研究,5,,,,,广东惠州,校级基地,,原PDF未显示志愿申请数
1353,否,用于半导体行业的高精度运动平台(定位精度0.1微米以内),1,,,,,广东惠州,校级基地,,原PDF未显示志愿申请数
1354,否,老年人群疾病免疫状态评估方案的建立及评估,1,,,,,北京清华长庚医院,系级基地,北京市,原PDF未显示志愿申请数
1355,否,并购重组商誉会计处理及信息披露研究,1,,,,,清华大学经管学院研究生社会实践国联民生证券基地,系级基地,江苏省,原PDF未显示志愿申请数
1356,是,依托数字化教育重构中小学“五育融合”育人模式实践研究,2,,,,,清华大学社科学院研究生社会实践首师朝阳集团基地,系级基地,北京市,原PDF未显示志愿申请数
1357,是,镀银导体表观在线检测探伤,1,,,,,广东惠州,校级基地,,原PDF未显示志愿申请数
1358,是,零碳园区项目、虚拟电厂项目、光储充一体化项目,3,,,,,广东惠州,校级基地,,原PDF未显示志愿申请数
1359,是,江苏省商业航天产业梳理和研究,3,,,,,清华大学经管学院研究生社会实践国联民生证券基地,系级基地,江苏省,原PDF未显示志愿申请数
1360,是,基于激光点云的机器人去毛刺轨迹生成与仿真部署,2,,,,,清华大学机械系研究生社会实践天玛智控基地,系级基地,北京市,原PDF未显示志愿申请数
1361,否,"借鉴成熟市场,如何打造特色资产管理机构",1,,,,,清华大学经管学院研究生社会实践国联民生证券基地,系级基地,江苏省,原PDF未显示志愿申请数
1362,是,基于多视角视觉捕捉的人-机动作映射技术研究,1,,,,,清华大学机械系研究生社会实践华为终端基地,系级基地,广东省,原PDF未显示志愿申请数
1363,否,大功率泵站轴向往复密封关键技术研究及仿真验证,1,,,,,清华大学机械系研究生社会实践天玛智控基地,系级基地,北京市,原PDF未显示志愿申请数
1364,是,城镇污水处理厂预处理系统提质增效,1,,,,,广东惠州,校级基地,,原PDF未显示志愿申请数
1365,否,油电混动倾转旋翼无人飞行器,1,,,,,清华大学机械系研究生社会实践昌飞基地,系级基地,江西省,原PDF未显示志愿申请数
1366,是,基于多源传感数据的车丝加工刀具磨损状态监控与质量分析研究,1,,,,,天津津南,校级基地,天津市,原PDF未显示志愿申请数
1367,否,蒸发镀膜机用紫外红外光源与探测器用高精度数据采集处理和预测项目,2,,,,,江苏扬州,校级基地,江苏省,原PDF未显示志愿申请数
1368,是,面向VLA模型训练的仿真数据高效合成技术研究,1,,,,,清华大学机械系研究生社会实践华为终端基地,系级基地,广东省,原PDF未显示志愿申请数
1369,否,电磁直驱柱塞的乳化液泵样机原理样机技术研究,1,,,,,清华大学机械系研究生社会实践天玛智控基地,系级基地,北京市,原PDF未显示志愿申请数
1370,否,香塑防霉防水技术及多功能应用研究,1,,,,,福建泉州,校级基地,福建省,原PDF未显示志愿申请数
1371,是,双能量能谱成像中虚拟平扫图像对比度提升,1,,,,,清华大学工程物理系研究生社会实践联影基地,系级基地,上海市,原PDF未显示志愿申请数
1372,否,面向工业实时优化的多目标智能优化算法对比研究,1,,,,,国家能源集团,校级基地,,原PDF未显示志愿申请数
1373,否,氢液化高速膨胀机转子动力学参数影响敏感性研究,1,,,,,国家能源集团,校级基地,,原PDF未显示志愿申请数
1374,否,煤矿地下水库协同煤矸石除氟技术工艺研究与应用,2,,,,,国家能源集团,校级基地,,原PDF未显示志愿申请数
1375,是,深水录井技术研究与装备研制,2,,,,,辽宁盘锦,校级基地,辽宁省,原PDF未显示志愿申请数
1376,是,心脏性猝死预警与诊疗支撑体系的建立,1,,,,,北京清华长庚医院,系级基地,北京市,原PDF未显示志愿申请数
1377,是,国内产业基金投资运作研究及对惠州的借鉴,1,,,,,广东惠州,校级基地,,原PDF未显示志愿申请数
1378,否,AI数字人场景落地与内容运营体系研究,2,,,,,广东惠州,校级基地,,原PDF未显示志愿申请数
1379,否,基于医工交叉基础的听觉诱发电位的检测技术,1,,,,,北京清华长庚医院,系级基地,北京市,原PDF未显示志愿申请数
1380,否,蒸发镀膜机用光学镀膜过程中紫外光源光学监控使用信号采集系统,2,,,,,江苏扬州,校级基地,江苏省,原PDF未显示志愿申请数
1381,是,煤矿视觉大模型关键技术研究,2,,,,,清华大学机械系研究生社会实践天玛智控基地,系级基地,北京市,原PDF未显示志愿申请数
1382,是,县城供水源水输送工程项目,1,,,,,广东惠州,校级基地,,原PDF未显示志愿申请数
1383,否,AI教育产品设计方法论与评估体系研究,2,,,,,广东惠州,校级基地,,原PDF未显示志愿申请数
1384,否,幽门螺杆菌感染人群的毒力基因及异质性耐药特征研究,1,,,,,北京清华长庚医院,系级基地,北京市,原PDF未显示志愿申请数
1385,否,面向小学学段的AI教育课程框架与分层教学设计研究,2,,,,,广东惠州,校级基地,,原PDF未显示志愿申请数
1386,否,科技创新生态体系打造,1,,,,,广东惠州,校级基地,,原PDF未显示志愿申请数
1387,是,高强铝合金型材半固态挤压工艺研究,1,,,,,福建泉州,校级基地,福建省,原PDF未显示志愿申请数
1388,否,永春县小型水库大坝提升工程,1,,,,,福建泉州,校级基地,福建省,原PDF未显示志愿申请数
1389,否,沥林镇城市规划及道路管网建设项目,1,,,,,广东惠州,校级基地,,原PDF未显示志愿申请数
1390,否,基于可穿戴设备的心血管数字疗法,1,,,,,北京清华长庚医院,系级基地,北京市,原PDF未显示志愿申请数
1391,否,氢液化高速膨胀机动压气体轴承特性仿真计算,1,,,,,国家能源集团,校级基地,,原PDF未显示志愿申请数
1392,是,基础教育阶段拔尖创新人才培养,3,,,,,清华大学社科学院研究生社会实践首师朝阳集团基地,系级基地,北京市,原PDF未显示志愿申请数
1393,是,区域招商引资、产业引育,1,,,,,天津津南,校级基地,天津市,原PDF未显示志愿申请数
1394,是,双桥河镇“五村联动”乡村振兴项目,1,,,,,天津津南,校级基地,天津市,原PDF未显示志愿申请数
1395,是,龙门县紧密型县域医共体信息化发展研究,2,,,,,广东惠州,校级基地,,原PDF未显示志愿申请数
1396,是,证券公司AI应用合规性内部审计体系研究——以智能投顾的算法审计为例,2,,,,,清华大学经管学院研究生社会实践国联民生证券基地,系级基地,江苏省,原PDF未显示志愿申请数
1397,否,心脑共患疾病的多组学研究,1,,,,,广东惠州,校级基地,,原PDF未显示志愿申请数
1398,否,AI数字人人格机制与教育交互价值研究,2,,,,,广东惠州,校级基地,,原PDF未显示志愿申请数
1399,否,新源重工BIM与AI智能化应用实践项目,1,,,,,福建泉州,校级基地,福建省,原PDF未显示志愿申请数
1400,是,面向工业与教育场景的具身智能全流程数据采集与应用系统研发,3,,,,,天津津南,校级基地,天津市,原PDF未显示志愿申请数
1401,是,非完整群镜头的性能检测及问题定位,1,,,,,清华大学机械系研究生社会实践华为终端基地,系级基地,广东省,原PDF未显示志愿申请数
1402,是,某型直升机动力、传动系统总装装配工艺设计与仿真,1,,,,,清华大学机械系研究生社会实践昌飞基地,系级基地,江西省,原PDF未显示志愿申请数
1403,否,面向移动终端用的U6G声表面波滤波器,2,,,,,福建泉州,校级基地,福建省,原PDF未显示志愿申请数
1404,是,证券公司AI伦理冲突中的文化融合与价值重塑研究,2,,,,,清华大学经管学院研究生社会实践国联民生证券基地,系级基地,江苏省,原PDF未显示志愿申请数
1405,是,海河教育园区产业发展与研究,1,,,,,天津津南,校级基地,天津市,原PDF未显示志愿申请数
1406,是,博罗县域副中心沙河江景酒店建设项目,1,,,,,广东惠州,校级基地,,原PDF未显示志愿申请数
1407,否,纸盒线香香味渗透性优化及外溢效果研究,1,,,,,福建泉州,校级基地,福建省,原PDF未显示志愿申请数
1408,是,一类治疗良性前列腺增生症的新分子结构设计,2,,,,,江苏扬州,校级基地,江苏省,原PDF未显示志愿申请数
1409,是,面向企业文档检索的多阶段混合检索,1,,,,,清华大学社科学院研究生社会实践思特奇基地,系级基地,北京市,原PDF未显示志愿申请数
1410,否,MSC培养基开发,1,,,,,北京华龛生物科技有限公司,系级基地,北京市,原PDF未显示志愿申请数
1411,是,山西省地方高发病(食管癌及食管胃结合部癌)早期筛查及规范化诊疗体系建设,1,,,,,山西长治,校级基地,山西省,原PDF未显示志愿申请数
1412,否,"智能体工作流,数据深度探索",2,,,,,清华大学化工系研究生社会实践宝洁基地,系级基地,北京市,原PDF未显示志愿申请数
1413,是,智慧城市运营中心的社会化服务变现模式研究,1,,,,,清华大学社科学院研究生社会实践思特奇基地,系级基地,北京市,原PDF未显示志愿申请数
1414,是,基于多应力耦合与智能算法的超声手术刀系统工作稳定性衰减机理与快速评估方法研究,2,,,,,北京亦庄,校级基地,,原PDF未显示志愿申请数
1415,是,科技榜样夏令营:前沿STEM科技专业启蒙、学业规划与学习方法指导(高中阶段),1,,,,,清华大学人文学院研究生社会实践房山进校基地,系级基地,北京市,原PDF未显示志愿申请数
1416,否,岩土工程勘察外业+内业一体化移动端APP开发,1,,,,,清华大学水利系研究生社会实践遵义水勘院基地,系级基地,贵州省,原PDF未显示志愿申请数
1417,是,可溶性微针贴片皮肤刺激性成因及调控机制研究,1,,,,,北京亦庄,校级基地,,原PDF未显示志愿申请数
1418,是,一种基于永磁同步电机技术的减速电机研发,1,,,,,北京亦庄,校级基地,,原PDF未显示志愿申请数
1419,是,基于真机强化学习的机器人精密装配研究,1,,,,,广东佛山南海,校级基地,广东省,原PDF未显示志愿申请数
1420,否,ADC冻干制剂卡尔·费休水分测定方法的比较研究 —— 萃取法与加热法的准确性及检测效率评价,1,,,,,清华大学化工系研究生社会实践药明基地,系级基地,上海市,原PDF未显示志愿申请数
1421,是,软件出海的后发者竞争优势构建:细分市场聚焦与垂直场景深耕策略,1,,,,,清华大学社科学院研究生社会实践思特奇基地,系级基地,北京市,原PDF未显示志愿申请数
1422,否,钍基熔盐堆核主泵关键技术发展研究报告,1,,,,,黑龙江哈尔滨,校级基地,黑龙江省,原PDF未显示志愿申请数
1423,是,太行山大峡谷景区地质地貌梳理,6,,,,,山西长治,校级基地,山西省,原PDF未显示志愿申请数
1424,是,磁悬浮超低频保持机构,1,,,,,吉林长春,校级基地,,原PDF未显示志愿申请数
1425,否,用AI和其他工具对实验数据进行提取和整合,1,,,,,清华大学化工系研究生社会实践药明基地,系级基地,上海市,原PDF未显示志愿申请数
1426,是,构建安全的智能体自我进化框架及在智能体平台工程化应用,1,,,,,清华大学社科学院研究生社会实践思特奇基地,系级基地,北京市,原PDF未显示志愿申请数
1427,否,"肌肤美白市场 (skincare, CP, in take areas) landscape summary on science, MOA and ingredient",1,,,,,清华大学化工系研究生社会实践宝洁基地,系级基地,北京市,原PDF未显示志愿申请数
1428,否,PET瓶模具吹塑成型过程仿真,1,,,,,广东佛山南海,校级基地,广东省,原PDF未显示志愿申请数
1429,否,多关节内窥镜手术器械,1,,,,,浙江金华,校级基地,,原PDF未显示志愿申请数
1430,否,复合材料蜂窝夹层结构超声传播精细模型建立与信号响应分析,1,,,,,上飞公司,校级基地,上海市,原PDF未显示志愿申请数
1431,否,马克思主义中国化在哈尔滨的早期传播与实践,1,,,,,黑龙江哈尔滨,校级基地,黑龙江省,原PDF未显示志愿申请数
1432,是,人力资源服务业与制造业融合发展的协同机制与适配路径研究——以经开区集成电路产业为例,1,,,,,北京亦庄,校级基地,,原PDF未显示志愿申请数
1433,否,光催化微塑料降解技术研究,1,,,,,广东佛山南海,校级基地,广东省,原PDF未显示志愿申请数
1434,是,基于AI技术的投标技术文件自动化编制与智能匹配系统优化研究,1,,,,,北京亦庄,校级基地,,原PDF未显示志愿申请数
1435,否,健康大数据,2,,,,,山西长治,校级基地,山西省,原PDF未显示志愿申请数
1436,是,马氏体不锈锻钢400mm厚度内、外环焊缝缝高强韧、高抗疲劳性及低应力焊接技术研究,1,,,,,黑龙江哈尔滨,校级基地,黑龙江省,原PDF未显示志愿申请数
1437,否,细胞株产量的提升-载体元件优化,1,,,,,清华大学化工系研究生社会实践药明基地,系级基地,上海市,原PDF未显示志愿申请数
1438,否,固废基浆体浇注料用复合模具的设计及应用,2,,,,,山西长治,校级基地,山西省,原PDF未显示志愿申请数
1439,是,基于卫星影像的三维重建算法研究,2,,,,,吉林长春,校级基地,,原PDF未显示志愿申请数
1440,是,面向高端应用的密胺树脂合成、多孔结构精准调控与性能研究,2,,,,,浙江金华,校级基地,,原PDF未显示志愿申请数
1441,是,新媒体环境下宣传工作研究与实践,1,,,,,浙江长三院基地,校级基地,浙江省,原PDF未显示志愿申请数
1442,是,情感性障碍智能诊断和个体化数字治疗系统的建立及临床验证,3,,,,,浙江长三院基地,校级基地,浙江省,原PDF未显示志愿申请数
1443,否,产业更新项目财务平衡可持续研究,2,,,,,北京亦庄,校级基地,,原PDF未显示志愿申请数
1444,是,免疫病的发病机制及其证候生物学基础研究-系统性红斑狼疮、痛风、类风湿关节炎多组学数据挖掘与实验研究相结合的协同研究,1,,,,,浙江金华,校级基地,,原PDF未显示志愿申请数
1445,否,新能源及消费电子行业非硅非氟离型剂的研发,1,,,,,清华大学材料学院研究生社会实践长泰基地,系级基地,福建省,原PDF未显示志愿申请数
1446,是,基于数字孪生技术的挠性航天器在轨动力学参数辨识方法研究,1,,,,,吉林长春,校级基地,,原PDF未显示志愿申请数
1447,否,表面活性剂体系材料改性,1,,,,,清华大学化工系研究生社会实践宝洁基地,系级基地,北京市,原PDF未显示志愿申请数
1448,是,基于AI Coding的金融证券FICC债券产品交易推荐匹配系统开发,2,,,,,清华大学社科学院研究生社会实践思特奇基地,系级基地,北京市,原PDF未显示志愿申请数
1449,是,超级单根钻机管具自动化研制,2,,,,,北京亦庄,校级基地,,原PDF未显示志愿申请数
1450,是,多源固废智能配伍与协同掺烧技术研发,1,,,,,广东佛山南海,校级基地,广东省,原PDF未显示志愿申请数
1451,是,太行山大峡谷八泉峡景区品牌设计文创提升,10,,,,,山西长治,校级基地,山西省,原PDF未显示志愿申请数
1452,否,多传感融合全闭环大负载机器人高精度位置控制系统研发,1,,,,,广东佛山南海,校级基地,广东省,原PDF未显示志愿申请数
1453,否,乡村小班化课堂教学的改革实践,3,,,,,清华大学教育学院研究生社会实践浙江省天台县基地,系级基地,浙江省,原PDF未显示志愿申请数
1454,否,人形机器人在口腔护理实验室的应用,1,,,,,清华大学化工系研究生社会实践宝洁基地,系级基地,北京市,原PDF未显示志愿申请数
1455,是,基于本体语义映射与动态调度的数据编织集成,1,,,,,清华大学社科学院研究生社会实践思特奇基地,系级基地,北京市,原PDF未显示志愿申请数
1456,是,协同软件垂直化战略研究:行业专精模式的可行性与竞争力,1,,,,,清华大学社科学院研究生社会实践思特奇基地,系级基地,北京市,原PDF未显示志愿申请数
1457,是,学森智慧小屋系列课程开发与实践,1,,,,,清华大学人文学院研究生社会实践房山进校基地,系级基地,北京市,原PDF未显示志愿申请数
1458,否,智能阀门的设计与开发,2,,,,,广东佛山南海,校级基地,广东省,原PDF未显示志愿申请数
1459,是,To B 营销 - 销售智能体的平台化赋能模式研究:服务生态构建与价值共创机制,1,,,,,清华大学社科学院研究生社会实践思特奇基地,系级基地,北京市,原PDF未显示志愿申请数
1460,否,生物医药产业人才政策的效能比较与优化研究,1,,,,,北京亦庄,校级基地,,原PDF未显示志愿申请数
1461,是,基于PID的温度控制系统开发研究,1,,,,,北京亦庄,校级基地,,原PDF未显示志愿申请数
1462,否,在生物药物商业化中对成本影响的工艺/非工艺因素的识别和成本控制模型建立,1,,,,,清华大学化工系研究生社会实践药明基地,系级基地,上海市,原PDF未显示志愿申请数
1463,是,基于脉冲神经网络(SNN)的旋转机械故障诊断平台研发,1,,,,,北京亦庄,校级基地,,原PDF未显示志愿申请数
1464,否,多种ADC分子SEC及DAR检测方法研究,2,,,,,清华大学化工系研究生社会实践药明基地,系级基地,上海市,原PDF未显示志愿申请数
1465,否,数据分析智能体,1,,,,,清华大学化工系研究生社会实践宝洁基地,系级基地,北京市,原PDF未显示志愿申请数
1466,是,浦江高新区先进制造业发展战略研究,1,,,,,浙江金华,校级基地,,原PDF未显示志愿申请数
1467,是,口腔粘膜活性物吸收的体外模型的评估与应用策略研究,1,,,,,清华大学化工系研究生社会实践宝洁基地,系级基地,北京市,原PDF未显示志愿申请数
1468,否,便携式电子鼻外壳设计与结构集成优化,1,,,,,清华大学化工系研究生社会实践宝洁基地,系级基地,北京市,原PDF未显示志愿申请数
1469,否,利用离子阱质谱仪实现清凉剂和皮质醇的快速检测,1,,,,,清华大学化工系研究生社会实践宝洁基地,系级基地,北京市,原PDF未显示志愿申请数
1470,是,【项目定制优先】AI在人力资源服务企业核心业务场景的应用适配性及改进建议,1,,,,,北京亦庄,校级基地,,原PDF未显示志愿申请数
1471,是,数字飞机平台智能语音交互系统,2,,,,,上飞公司,校级基地,上海市,原PDF未显示志愿申请数
1472,是,数学和科学经典文献(含科普读物)的阅读教育价值研究(初高中阶段),1,,,,,清华大学人文学院研究生社会实践房山进校基地,系级基地,北京市,原PDF未显示志愿申请数
1473,是,党建引领基层治理能力提升路径研究,2,,,,,山西长治,校级基地,山西省,原PDF未显示志愿申请数
1474,否,复合材料孔隙率超声检测全周期管理数据库建立,1,,,,,上飞公司,校级基地,上海市,原PDF未显示志愿申请数
1475,否,面向民机制造企业的精益运营与成本管控方法研究,1,,,,,上飞公司,校级基地,上海市,原PDF未显示志愿申请数
1476,否,CHO细胞糖基化机理模型探究,1,,,,,清华大学化工系研究生社会实践药明基地,系级基地,上海市,原PDF未显示志愿申请数
1477,是,利用AI提高中药复杂体系化学成分快速分离与结构鉴定的方法研究,1,,,,,浙江金华,校级基地,,原PDF未显示志愿申请数
1478,是,电动两轮车辅助驾驶功能研发,2,,,,,浙江金华,校级基地,,原PDF未显示志愿申请数
1479,是,面向 AI 智能体执行网关的全链路安全防护技术研究,1,,,,,清华大学社科学院研究生社会实践思特奇基地,系级基地,北京市,原PDF未显示志愿申请数
1480,否,现代汉译文学编年考录,2,,,,,清华大学人文学院研究生社会实践中华书局基地,系级基地,北京市,原PDF未显示志愿申请数
1481,是,《改变世界的30个科技产品背后的科学(物化生)原理》中学特色校本课程开发,1,,,,,清华大学人文学院研究生社会实践房山进校基地,系级基地,北京市,原PDF未显示志愿申请数
1482,否,体外组装双抗纯化工艺平台,1,,,,,清华大学化工系研究生社会实践药明基地,系级基地,上海市,原PDF未显示志愿申请数
1483,是,大直径扩孔式竖井掘进机研制关建技术研究项目,2,,,,,南方电网储能股份有限公司,系级基地,广东省,原PDF未显示志愿申请数
1484,否,外泌体规模化生产制备工艺及收获系统优化开发,1,,,,,北京华龛生物科技有限公司,系级基地,北京市,原PDF未显示志愿申请数
1485,是,“风雅毛公”诗经文化沉浸展陈与体验场景建设,3,,,,,清华大学人文学院研究生社会实践河间基地,系级基地,河北省,原PDF未显示志愿申请数
1486,是,构建一套高效的ChatBI多轮问答适配方法,1,,,,,清华大学社科学院研究生社会实践思特奇基地,系级基地,北京市,原PDF未显示志愿申请数
1487,是,面向青海绿色算力的智能电网电力负荷预测方法研究,1,,,,,青海大学,校级基地,青海省,原PDF未显示志愿申请数
1488,否,“地理+”跨学科研学课程开发与实施研究——以房山葡萄酒产业为例,1,,,,,清华大学人文学院研究生社会实践房山进校基地,系级基地,北京市,原PDF未显示志愿申请数
1489,否,飞机结构修理手册智能识别辅助系统,1,,,,,上飞公司,校级基地,上海市,原PDF未显示志愿申请数
1490,是,PLGA纳米微球高效载药及体外缓释性能评价,1,,,,,北京亦庄,校级基地,,原PDF未显示志愿申请数
1491,否,层析自动化设计开发,1,,,,,清华大学化工系研究生社会实践药明基地,系级基地,上海市,原PDF未显示志愿申请数
1492,否,基于下游工艺开发的自动化设计,1,,,,,清华大学化工系研究生社会实践药明基地,系级基地,上海市,原PDF未显示志愿申请数
1493,否,"开展企业ESG评估体系研究,聚焦风电行业开展ESG发展情况评估,同时基于TCFD、TNFD和IFR S2框架,开展企业气候与生物多样性的风险和机遇评估模型研究。",1,,,,,北京鉴衡认证中心有限公司,系级基地,北京市,原PDF未显示志愿申请数
1494,是,一种新型原理的大功率钻井泵流体分析与计算,2,,,,,北京亦庄,校级基地,,原PDF未显示志愿申请数
1495,否,Fe元素对细胞表现的机制研究和探索,1,,,,,清华大学化工系研究生社会实践药明基地,系级基地,上海市,原PDF未显示志愿申请数
1496,是,AI智能巡检平台,3,,,,,北京亦庄,校级基地,,原PDF未显示志愿申请数
1497,否,一种新型牙龈护理凝胶的用法、用量和使用指导规范化研究,1,,,,,清华大学化工系研究生社会实践宝洁基地,系级基地,北京市,原PDF未显示志愿申请数
1498,是,基于OWL知识图谱的企业经济金融业务智能分析研究与本体建模,1,,,,,清华大学社科学院研究生社会实践思特奇基地,系级基地,北京市,原PDF未显示志愿申请数
1499,否,基于权威科学证据的 Oral?B 电动牙刷高可信 GEO 内容生成方法研究,1,,,,,清华大学化工系研究生社会实践宝洁基地,系级基地,北京市,原PDF未显示志愿申请数
1500,否,枳实、枳壳发酵技术研究,1,,,,,广东佛山南海,校级基地,广东省,原PDF未显示志愿申请数
1501,是,细分产业(如生物医药、半导体)高端人才流动特征及影响因素短期分析,1,,,,,北京亦庄,校级基地,,原PDF未显示志愿申请数
1502,否,“CGT·AI洞察者” —— 面向细胞与基因治疗全周期的多模态数据挖掘与知识图谱构建,1,,,,,北京华龛生物科技有限公司,系级基地,北京市,原PDF未显示志愿申请数
1503,是,超声刀刀头组织粘连物的快速脱附机理与清洗界面优化研究,1,,,,,北京亦庄,校级基地,,原PDF未显示志愿申请数
1504,是,基于大型通信卫星挠性控制关键技术研究,2,,,,,吉林长春,校级基地,,原PDF未显示志愿申请数
1505,否,航空制造背景下文化驱动型工艺工程师能力发展体系研究,1,,,,,上飞公司,校级基地,上海市,原PDF未显示志愿申请数
1506,否,基于深度学习网络的Raman光谱检测蛋白质质量属性,1,,,,,清华大学化工系研究生社会实践药明基地,系级基地,上海市,原PDF未显示志愿申请数
1507,是,星载激光通信终端构型关键技术研究,2,,,,,吉林长春,校级基地,,原PDF未显示志愿申请数
1508,是,真空发生器核心要素对性能的影响及尺寸优化,1,,,,,北京亦庄,校级基地,,原PDF未显示志愿申请数
1509,否,风电用高强混凝土性能研究,1,,,,,北京鉴衡认证中心有限公司,系级基地,北京市,原PDF未显示志愿申请数
1510,是,《科技名人传:人类STEM智慧闪耀时》高中特色校本课程开发,1,,,,,清华大学人文学院研究生社会实践房山进校基地,系级基地,北京市,原PDF未显示志愿申请数
1511,是,高可用可扩展的工业智能体基座框架系统研发,5,,,,,北京亦庄,校级基地,,原PDF未显示志愿申请数
1512,是,机器人领域专用大模型的人机交互优化与行业定制化落地趋势研究,1,,,,,北京亦庄,校级基地,,原PDF未显示志愿申请数
1513,是,O形密封圈磨损寿命仿真分析,1,,,,,北京亦庄,校级基地,,原PDF未显示志愿申请数
1514,否,“诗经故里”城市文化品牌塑造与文创产品开发计划,3,,,,,清华大学人文学院研究生社会实践河间基地,系级基地,河北省,原PDF未显示志愿申请数
1515,是,产业互联网平台的多边市场构建策略:供需两端冷启动路径与机制,1,,,,,清华大学社科学院研究生社会实践思特奇基地,系级基地,北京市,原PDF未显示志愿申请数
1516,否,牙膏流变性能的调控策略,1,,,,,清华大学化工系研究生社会实践宝洁基地,系级基地,北京市,原PDF未显示志愿申请数
1517,是,免疫病的中医药智能诊疗及产品应用开发研究-医疗器械传感器与数据分析,1,,,,,浙江金华,校级基地,,原PDF未显示志愿申请数
1518,是,国土空间与基础设施规划数据孪生与全息感知实施方案,2,,,,,北京亦庄,校级基地,,原PDF未显示志愿申请数
1519,是,中华法制探源考证,2,,,,,清华大学人文学院研究生社会实践中华书局基地,系级基地,北京市,原PDF未显示志愿申请数
1520,否,丽水莲都区通济实验室 LOGO 设计与全维度品牌 IP 开发,1,,,,,浙江长三院基地,校级基地,浙江省,原PDF未显示志愿申请数
1521,否,PS20/80降解风险控制的工艺优化研究 (Int. DF步骤),1,,,,,清华大学化工系研究生社会实践药明基地,系级基地,上海市,原PDF未显示志愿申请数
1522,是,基于双引擎架构与多模态大模型的工业视觉推训与分析平台,3,,,,,北京亦庄,校级基地,,原PDF未显示志愿申请数
1523,否,孤独症多模态脑网络分析及靶向神经调控研究,2,,,,,广东佛山南海,校级基地,广东省,原PDF未显示志愿申请数
1524,否,【项目定制优先】定子线棒自动化接线及自动寻优,1,,,,,黑龙江哈尔滨,校级基地,黑龙江省,原PDF未显示志愿申请数
1525,是,文字材料专项报告撰写实践,1,,,,,浙江长三院基地,校级基地,浙江省,原PDF未显示志愿申请数
1526,否,民机复合材料结构维修数据库,1,,,,,上飞公司,校级基地,上海市,原PDF未显示志愿申请数
1527,否,践行习近平生态文明思想 守护中华水塔,2,,,,,青海大学,校级基地,青海省,原PDF未显示志愿申请数
1528,否,《清人别集总目》数字出版修订项目,2,,,,,清华大学人文学院研究生社会实践中华书局基地,系级基地,北京市,原PDF未显示志愿申请数
1529,是,高水头大容量冲击式水轮发电机组调速系统液压系统特性研究,2,,,,,黑龙江哈尔滨,校级基地,黑龙江省,原PDF未显示志愿申请数
1530,否,多维信息整合系统设计,1,,,,,清华大学化工系研究生社会实践宝洁基地,系级基地,北京市,原PDF未显示志愿申请数
1531,否,基于GraphRAG的合规审查助手,1,,,,,清华大学化工系研究生社会实践宝洁基地,系级基地,北京市,原PDF未显示志愿申请数
1532,是,OpenClaw驱动的数据库智能运维系统研究,1,,,,,清华大学社科学院研究生社会实践思特奇基地,系级基地,北京市,原PDF未显示志愿申请数
1533,是,推动长治市人口高质量发展研究,4,,,,,山西长治,校级基地,山西省,原PDF未显示志愿申请数
1534,否,新能源、’新材料、正极材料、实验项目申报,1,,,,,山西长治,校级基地,山西省,原PDF未显示志愿申请数
1535,否,生物制药下游工艺停留时间分布的研究,1,,,,,清华大学化工系研究生社会实践药明基地,系级基地,上海市,原PDF未显示志愿申请数
1536,否,大模型生成测试用例和自动化测试代码,1,,,,,上飞公司,校级基地,上海市,原PDF未显示志愿申请数
1537,否,数字人文相关图书,1,,,,,清华大学人文学院研究生社会实践中华书局基地,系级基地,北京市,原PDF未显示志愿申请数
1538,否,新闻传播学前沿知识讲课培训,1,,,,,山西长治,校级基地,山西省,原PDF未显示志愿申请数
1539,是,免疫病的中医药智能诊疗及产品应用开发研究-医疗器械开发,1,,,,,浙江金华,校级基地,,原PDF未显示志愿申请数
1540,是,面向半导体刻蚀工艺的极寒温控-120°C系统研究,3,,,,,北京亦庄,校级基地,,原PDF未显示志愿申请数
1541,否,基于消费者洞察和行业趋势的olay高端护肤品包装创新概念设计呈现,1,,,,,清华大学化工系研究生社会实践宝洁基地,系级基地,北京市,原PDF未显示志愿申请数
1542,是,全息光栅光刻技术研究,2,,,,,吉林长春,校级基地,,原PDF未显示志愿申请数
1543,否,复合材料知识产权布局与保护策略研究,1,,,,,上飞公司,校级基地,上海市,原PDF未显示志愿申请数
1544,是,Imagent 产品外观智能体,1,,,,,清华大学化工系研究生社会实践宝洁基地,系级基地,北京市,原PDF未显示志愿申请数
1545,否,牙小管封堵率分析,1,,,,,清华大学化工系研究生社会实践宝洁基地,系级基地,北京市,原PDF未显示志愿申请数
1546,是,长治市“十五五”战略性新兴产业和未来产业发展规划,2,,,,,山西长治,校级基地,山西省,原PDF未显示志愿申请数
1547,是,民机复合材料结构维修能力地图,1,,,,,上飞公司,校级基地,上海市,原PDF未显示志愿申请数
1548,是,锂离子电池正负极导电粘结剂的研发,1,,,,,清华大学材料学院研究生社会实践长泰基地,系级基地,福建省,原PDF未显示志愿申请数
1549,是,北西沟村夫子山文化发掘与保护,2,,,,,山西长治,校级基地,山西省,原PDF未显示志愿申请数
1550,否,产品功效演示视频共创,1,,,,,清华大学化工系研究生社会实践宝洁基地,系级基地,北京市,原PDF未显示志愿申请数
1551,否,PS20/80降解相关HCP的研究,1,,,,,清华大学化工系研究生社会实践药明基地,系级基地,上海市,原PDF未显示志愿申请数
1552,否,锻件正火处理工艺优化,2,,,,,浙江金华,校级基地,,原PDF未显示志愿申请数
1553,否,依托区域世界遗产构建生态文明特色课程体系的实践研究,1,,,,,清华大学人文学院研究生社会实践房山进校基地,系级基地,北京市,原PDF未显示志愿申请数
1554,是,【项目定制优先】高效节能吹扫方案调研与关键参数仿真分析,2,,,,,北京亦庄,校级基地,,原PDF未显示志愿申请数
1555,否,基于LuGre模型的机器人关节摩擦辨识,1,,,,,广东佛山南海,校级基地,广东省,原PDF未显示志愿申请数
1556,是,特定战略性新兴产业(如人工智能、新能源)人才供需匹配度短期监测与分析,1,,,,,北京亦庄,校级基地,,原PDF未显示志愿申请数
1557,是,“北师大良乡附中”学校标志和校园IP动漫人物形象(大脑侦探队)再设计,1,,,,,清华大学人文学院研究生社会实践房山进校基地,系级基地,北京市,原PDF未显示志愿申请数
1558,否,校地人才流动共享体制机制研究,1,,,,,浙江金华,校级基地,,原PDF未显示志愿申请数
1559,否,慢性病(含肿瘤)患者心理健康调查及干预,5,,,,,山西长治,校级基地,山西省,原PDF未显示志愿申请数
1560,否,牙龈炎相关冷热不适(“牙龈敏感”)的机制假设与产品创新启发研究,1,,,,,清华大学化工系研究生社会实践宝洁基地,系级基地,北京市,原PDF未显示志愿申请数
1561,是,集成灶工作噪音优化,1,,,,,浙江长三院基地,校级基地,浙江省,原PDF未显示志愿申请数
1562,否,沁源县煤矸石综合利用研究及煤炭产业与区域经济发展调研,5,,,,,山西长治,校级基地,山西省,原PDF未显示志愿申请数
1563,是,听觉脑干反应原型机搭建,1,,,,,浙江长三院基地,校级基地,浙江省,原PDF未显示志愿申请数
1564,是,主导产业紧缺人才需求图谱与精准引才策略研究,1,,,,,浙江金华,校级基地,,原PDF未显示志愿申请数
1565,是,心脑血管疾病早期预警模型,3,,,,,浙江长三院基地,校级基地,浙江省,原PDF未显示志愿申请数
1566,是,房山区“大思政课”实践教学基地课程开发项目实践,2,,,,,清华大学人文学院研究生社会实践房山进校基地,系级基地,北京市,原PDF未显示志愿申请数
1567,否,国家科学教育实验校建设,4,,,,,清华大学教育学院研究生社会实践浙江省天台县基地,系级基地,浙江省,原PDF未显示志愿申请数
1568,是,车辆设计;智能化系统;未来工厂,6,,,,,浙江金华,校级基地,,原PDF未显示志愿申请数
1569,否,“诗礼少年”诗经文化进校园与研学教育生态构建计划,3,,,,,清华大学人文学院研究生社会实践河间基地,系级基地,河北省,原PDF未显示志愿申请数
1570,是,基于AI Coding的企业跨部门协同响应系统开发,2,,,,,清华大学社科学院研究生社会实践思特奇基地,系级基地,北京市,原PDF未显示志愿申请数
1571,是,新就业形态从业者劳动权益保障研究、产业工人队伍改革研究,2,,,,,山西长治,校级基地,山西省,原PDF未显示志愿申请数
1572,否,潞州区万里茶道文化IP挖掘与文商旅融合发展规划研究,1,,,,,山西长治,校级基地,山西省,原PDF未显示志愿申请数
1573,否,气候投融资创助力资源型城市绿色转型战略研究,1,,,,,山西长治,校级基地,山西省,原PDF未显示志愿申请数
1574,否,经开区重点产业人才需求图谱与政策协同分析报告,1,,,,,北京亦庄,校级基地,,原PDF未显示志愿申请数
1575,是,AIOps平台研发,2,,,,,广东佛山南海,校级基地,广东省,原PDF未显示志愿申请数
1576,是,氪工质下空心阴极放电模式转变特征及其对阴极耦合电压的影响机制研究,2,,,,,吉林长春,校级基地,,原PDF未显示志愿申请数
1577,是,多工位机器人协同米级大口径加工技术研究,2,,,,,吉林长春,校级基地,,原PDF未显示志愿申请数
1578,否,面向机器人装配的强化学习奖励塑形关键技术研究,1,,,,,广东佛山南海,校级基地,广东省,原PDF未显示志愿申请数
1579,否,三峡库区巫山县城迁建区安全评估鉴定及除险降危实施方案编制,2,,,,,清华大学水利系研究生社会实践长江设计集团基地,系级基地,湖北省,原PDF未显示志愿申请数
1580,否,经营性资产集团统筹管理机制研究,1,,,,,北京亦庄,校级基地,,原PDF未显示志愿申请数
1581,否,智数魔方,1,,,,,广东佛山南海,校级基地,广东省,原PDF未显示志愿申请数
1582,是,"人工智能应用与开发,面向政务委办局智能体设计和应用开发",1,,,,,清华大学社科学院研究生社会实践思特奇基地,系级基地,北京市,原PDF未显示志愿申请数
1583,否,基于力反馈遥操作设备的装配技能模仿学习研究,1,,,,,广东佛山南海,校级基地,广东省,原PDF未显示志愿申请数
1584,是,哈尔滨远东理工智能制造产业园发展战略研究,4,,,,,黑龙江哈尔滨,校级基地,黑龙江省,原PDF未显示志愿申请数
1585,是,构建呼吸疾病多模态风险监测预警系统,2,,,,,浙江长三院基地,校级基地,浙江省,原PDF未显示志愿申请数
1586,否,生态环境法典市场监管职责边界与监管路径研究,1,,,,,北京亦庄,校级基地,,原PDF未显示志愿申请数
1587,否,飞控作动控制器部件测试研究,1,,,,,上飞公司,校级基地,上海市,原PDF未显示志愿申请数
1588,是,【项目定制优先】大模型时代下的后发者追赶战略:企业级软件厂商差异化路径,1,,,,,清华大学社科学院研究生社会实践思特奇基地,系级基地,北京市,原PDF未显示志愿申请数
1589,否,《中华大藏经(汉文部分)》字图处理工作,2,,,,,清华大学人文学院研究生社会实践中华书局基地,系级基地,北京市,原PDF未显示志愿申请数
1590,否,宿主细胞的定向筛选,1,,,,,清华大学化工系研究生社会实践药明基地,系级基地,上海市,原PDF未显示志愿申请数
1591,否,抗体分子轻链非共价结合副产物解聚/去除工艺研究,1,,,,,清华大学化工系研究生社会实践药明基地,系级基地,上海市,原PDF未显示志愿申请数
1592,是,大模型算力资源动态调度策略的 优化研究与应用,1,,,,,青海大学,校级基地,青海省,原PDF未显示志愿申请数
1593,否,绿水青山就是金山银山的实践路径,2,,,,,青海大学,校级基地,青海省,原PDF未显示志愿申请数
1594,是,Imagent 国家香氛智能体,1,,,,,清华大学化工系研究生社会实践宝洁基地,系级基地,北京市,原PDF未显示志愿申请数
1595,是,异构算力-绿电双向协同优化理论与关键系统,2,,,,,青海大学,校级基地,青海省,原PDF未显示志愿申请数
1596,是,长叶片大兆瓦风机的精细化动力学建模研究,1,,,,,北京鉴衡认证中心有限公司,系级基地,北京市,原PDF未显示志愿申请数
1597,是,机器人高精度运动控制的多技术融合(视觉/力控/AI)与产业应用场景拓展研究,1,,,,,北京亦庄,校级基地,,原PDF未显示志愿申请数
